system:index,B1_max,B1_mean,B1_median,B1_min,B1_stdDev,B2_max,B2_mean,B2_median,B2_min,B2_stdDev,B3_max,B3_mean,B3_median,B3_min,B3_stdDev,B4_max,B4_mean,B4_median,B4_min,B4_stdDev,B5_max,B5_mean,B5_median,B5_min,B5_stdDev,CLOUD_COVER,add_ndssi_max,add_ndssi_mean,add_ndssi_median,add_ndssi_min,add_ndssi_stdDev,add_ndti_max,add_ndti_mean,add_ndti_median,add_ndti_min,add_ndti_stdDev,add_nsmi_max,add_nsmi_mean,add_nsmi_median,add_nsmi_min,add_nsmi_stdDev,add_spm_B4_nechad_max,add_spm_B4_nechad_mean,add_spm_B4_nechad_median,add_spm_B4_nechad_min,add_spm_B4_nechad_stdDev,add_spm_B5_nechad_max,add_spm_B5_nechad_mean,add_spm_B5_nechad_median,add_spm_B5_nechad_min,add_spm_B5_nechad_stdDev,add_tur_B4_nechad_max,add_tur_B4_nechad_mean,add_tur_B4_nechad_median,add_tur_B4_nechad_min,add_tur_B4_nechad_stdDev,add_tur_B5_nechad_max,add_tur_B5_nechad_mean,add_tur_B5_nechad_median,add_tur_B5_nechad_min,add_tur_B5_nechad_stdDev,add_tur_dogliotti_max,add_tur_dogliotti_mean,add_tur_dogliotti_median,add_tur_dogliotti_min,add_tur_dogliotti_stdDev,cloudiness_500m,platform,roi_coverage,station_id,system:time_start,timestamp,.geo
1_2_1_LC08_126052_20130821_12,0.009274884099314169,0.007818665094105186,0.008222051761894469,4.0819261960233644E-4,0.0014680789367637914,0.014956392340229734,0.012572569618644272,0.01379804093070528,0.0010622797183784617,0.003450945327670146,0.03188835394607394,0.026571400623723325,0.029674078898026573,6.925047644285872E-4,0.0073440247315503995,0.04703127869815047,0.03927396910686363,0.043807333133254266,0.0018958085550189571,0.010991992133942282,0.06284394255440609,0.023867710284222486,0.02459237642517493,0.0026626830652507795,0.007704936876366597,16.9,-0.24984912174952306,-0.3359251835189306,-0.2810167541175224,-0.929659442583106,0.1527400466626681,0.871530925959234,0.21174577172884035,0.1924371736767579,-0.04111089858026246,0.0876972152209188,0.9529278998635172,0.7029316527382579,0.6853695662904438,0.6716690055321147,0.0572754182935342,345.6898094617757,187.76742720265665,216.7072813189483,1.7860635933364226,92.98009430400086,8820.033864270354,422.53789754944813,361.75528173959293,25.88413631100885,969.1226592649155,281.1978497789245,152.73749859770174,176.27832776789697,1.4528552137437412,75.63370939755067,6260.086351831527,299.8994976987778,256.7585722198741,18.371463300826914,687.8422039955349,281.1978497789245,152.73749859770174,176.27832776789697,1.4528552137437412,75.63370939755067,0.0,LANDSAT-8,90.03422531502004,039801,1.377055323526E12,2013-08-21T03:22:03.526,"{""geodesic"":false,""type"":""Polygon"",""coordinates"":[[[105.1329855144116,10.70476507401089],[105.13468448997357,10.70476507401089],[105.13468448997357,10.708269925990292],[105.1329855144116,10.708269925990292],[105.1329855144116,10.70476507401089]]]}"
1_2_1_LC08_126052_20130906_12,0.013950879266227248,0.011608660699128807,0.012926989384524955,9.673902753784724E-5,0.0033939772105509407,0.017192800102267623,0.013873550264165958,0.015912266705430955,4.000780631533608E-4,0.004652218302802753,0.030420370288464532,0.024765584719670792,0.028889878861031514,2.2027601112921264E-4,0.008159087948604192,0.043956282430344995,0.035207021585029516,0.04180489305070938,0.0016217910998299935,0.012531951851663541,0.06661422516977998,0.02486110442136715,0.025935682604102086,0.001234302480033796,0.00867580602446237,23.14,-0.19167712773025158,-0.3199193972687423,-0.24511385637307856,-0.9843667786244238,0.18760890481857467,0.8939138367118665,0.1936033067541616,0.18308949471387764,-0.10356273035033955,0.08635363601856796,0.9486013443777817,0.6561418581390227,0.63222981174177,0.5881307557045957,0.0679886423060428,220.77939062836253,137.80677609233504,171.89156249104974,1.5198641034507874,73.04256136759155,59113.819969546275,1132.9999377455079,393.8983576528023,11.739412770986029,5902.8623270447215,179.59074355375668,112.09751650609519,139.82343836770656,1.236317953693661,59.41572657548367,41956.48489458448,804.1553531487907,279.57236567312776,8.332137812290123,4189.601588715677,179.59074355375668,112.09751650609519,139.82343836770656,1.236317953693661,59.41572657548367,0.24912092496573127,LANDSAT-8,97.0016244557473,039801,1.378437723343E12,2013-09-06T03:22:03.343,"{""geodesic"":false,""type"":""Polygon"",""coordinates"":[[[105.1329855144116,10.70476507401089],[105.13468448997357,10.70476507401089],[105.13468448997357,10.708269925990292],[105.1329855144116,10.708269925990292],[105.1329855144116,10.70476507401089]]]}"
1_2_1_LC08_126052_20131008_12,0.01293042103047197,0.011094734410751888,0.012031965978642518,0.0013865506946071774,0.002507223730087968,0.017391324520699768,0.014217559629336086,0.015682737459413218,5.457760345047954E-4,0.0038700872535307527,0.02951684658968905,0.025271797202986796,0.02712742881358526,0.0024681930818024646,0.0055991316208743105,0.03550905074594798,0.029965811167359236,0.033370877245315796,0.0012244287489856503,0.008702255866413806,0.06501499594243018,0.014730978387058944,0.013984136252065545,0.001033808992917291,0.008462273758675703,37.18,0.15064944053880247,-0.02313228415341023,0.055514837663404634,-0.9178109646637169,0.22692295663930248,0.5034826471598401,0.10718392013799642,0.1020062940874572,-0.25438772884279354,0.05977288179032531,0.9609887260197837,0.6154021648759045,0.591421555289546,0.5778020889066048,0.07519306651581713,95.38105827200175,69.97271845776798,80.19449052033325,1.1387808235456853,26.43856865486681,17709.74513190036,242.8440791179905,164.7952055435471,9.802786456158127,1767.1355267112642,77.58674904962996,56.918594170147465,65.23339040148231,0.9263296463644463,21.506184022480138,12569.626772492631,172.36043859967526,116.9646548920335,6.957602504533131,1254.2379272958665,77.58674904962996,56.918594170147465,65.23339040148231,0.9263296463644463,21.506184022480138,0.013931104356636288,LANDSAT-8,92.21184265056232,039801,1.381202514829E12,2013-10-08T03:21:54.829,"{""geodesic"":false,""type"":""Polygon"",""coordinates"":[[[105.1329855144116,10.70476507401089],[105.13468448997357,10.70476507401089],[105.13468448997357,10.708269925990292],[105.1329855144116,10.708269925990292],[105.1329855144116,10.70476507401089]]]}"
1_2_1_LC08_126052_20151201_12,0.018198590739315033,0.015265657112066865,0.01738957220870814,7.584712110520474E-5,0.0041599589260818476,0.021259005897940882,0.017617298255773333,0.020538747697330162,3.3894014437571356E-4,0.00553683067387949,0.03230014716813675,0.026542733780892544,0.03128396925806004,0.001948758895447656,0.009354271104851482,0.0323116562392731,0.025584345715406732,0.03054511834787632,1.2301239276824586E-4,0.009407124192668271,0.08499259698778222,0.012553353353802778,0.009075350372481073,0.0015391403068438616,0.01216824478663527,32.21,0.5011175292860826,0.22834851693024913,0.3901701672600898,-0.9811913342635395,0.34834977659049043,0.313971748751244,-0.023395095196998682,-0.009061986027926261,-0.9565402175507153,0.11429863962084898,0.9708928856146407,0.5331957562535907,0.5064392992496214,0.48546225467630355,0.08564297902048157,73.79767725524353,51.7232144813534,64.43305907493831,0.112054361905266,23.85871644207937,3043.378225852418,110.13626790676426,97.73259508776546,-5032.373609964131,677.8028657417825,60.02996789278546,42.073721289197955,52.4124147447699,0.09114947783728161,19.407629552179852,2160.0609236091695,78.17005673388445,69.36645528272136,-3571.76557798395,481.0757571182463,60.02996789278546,42.073721289197955,52.4124147447699,0.09114947783728161,19.407629552179852,3.824224725351138E-4,LANDSAT-8,93.18835267411023,039801,1.448940010478E12,2015-12-01T03:20:10.478,"{""geodesic"":false,""type"":""Polygon"",""coordinates"":[[[105.1329855144116,10.70476507401089],[105.13468448997357,10.70476507401089],[105.13468448997357,10.708269925990292],[105.1329855144116,10.708269925990292],[105.1329855144116,10.70476507401089]]]}"
1_2_1_LC08_126052_20161101_12,0.01695165172422091,0.007252599303690133,0.007224505787180891,2.61036031936483E-4,0.005025414068820373,0.020928262123585586,0.010398203070939242,0.010363911555328936,6.566883604031338E-4,0.004771544851574624,0.03581528704935592,0.0204137515379717,0.02018717396959109,3.872741489708319E-5,0.008053799433865316,0.04055286453222893,0.02269856901509212,0.02258891307446785,1.4522308082278387E-4,0.009581158841433469,0.08246410157411058,0.0491579825679955,0.05625903811653266,0.008692340147553552,0.02524696455003199,65.89,0.19648850925393732,-0.5676539652846987,-0.7073993739923377,-0.9236279708210992,0.3203911947176995,0.9091823869702816,0.03906265477536356,0.0297997211081368,-0.9093001791069404,0.14890288556087716,0.918092447910109,0.5996512650847421,0.6458986411413984,0.009252061312399928,0.1676464461344819,150.8242980960964,45.91634437906362,35.451237091311945,0.13234140292752464,31.941679731615448,41404.09621412681,-2672.4480376052006,156.97789424466438,-103044.6030479295,14759.049948517759,122.68648701293999,37.35018202938658,28.837447240926156,0.10765176444711223,25.982633601036156,29386.87329421231,-1896.7903914703672,111.41625853401084,-73136.69347499775,10475.348345656172,122.68648701293999,37.35018202938658,28.837447240926156,0.10765176444711223,25.982633601036156,0.0,LANDSAT-8,99.17924195340902,039801,1.477970422471E12,2016-11-01T03:20:22.471,"{""geodesic"":false,""type"":""Polygon"",""coordinates"":[[[105.1329855144116,10.70476507401089],[105.13468448997357,10.70476507401089],[105.13468448997357,10.708269925990292],[105.1329855144116,10.708269925990292],[105.1329855144116,10.70476507401089]]]}"
1_2_1_LC08_126052_20211115_12,0.015791562683246,0.010321931002009423,0.010544792085664941,0.0016936358849684076,0.00345941807300136,0.01876435238263581,0.012716635295262896,0.013789568128648953,8.974826744432399E-4,0.004366825241045303,0.029092299654525297,0.021116857626433453,0.023556558490075093,6.596201543013825E-4,0.007760395213704583,0.03217653499098108,0.023040349675828836,0.02622807329256047,3.087862611616019E-4,0.008901400186266747,0.08534778368123935,0.023737000296367272,0.020698098545936197,0.014324381931550691,0.011654436064409301,47.38,0.04984406470814518,-0.26493332435714406,-0.19709629522158506,-0.9419299724110128,0.23395218053216305,0.6696304073621652,0.05712836173591817,0.04763629498292091,-0.2938252751220508,0.11907202990298157,0.8930025539284079,0.6026770513843642,0.5749024439911402,0.5229818360772123,0.08025575738793929,73.02700795240656,41.924530735598054,46.621851833656315,0.2822586742891848,20.443983940239438,3992.44422552944,-17.781152497411057,277.18515156937485,-26492.320415934537,2692.176528950035,59.40307480853231,34.10308193404866,37.9240698727782,0.22960043981378878,16.62995022578435,2833.6677603848425,-12.620308695162532,196.73427687154845,-18803.126611108444,1910.792838775057,59.40307480853231,34.10308193404866,37.9240698727782,0.22960043981378878,16.62995022578435,0.16156107833204222,LANDSAT-8,91.11815153196832,039801,1.636946422543E12,2021-11-15T03:20:22.543,"{""geodesic"":false,""type"":""Polygon"",""coordinates"":[[[105.1329855144116,10.70476507401089],[105.13468448997357,10.70476507401089],[105.13468448997357,10.708269925990292],[105.1329855144116,10.708269925990292],[105.1329855144116,10.70476507401089]]]}"
2_LE07_126052_20001215_12,0.011011260455146417,0.007182669788919972,0.0073828459025551555,6.995522136694235E-4,0.0019567921874036943,0.019989046278707658,0.015495101643694812,0.01611100769323747,5.794669412291792E-4,0.0035964884808576615,0.02311260884798906,0.017523763697522076,0.018638951765916578,8.144296621778837E-4,0.0038595502430730194,0.015507444277715658,0.01165815815069806,0.011665102736252108,0.0033191931650830447,0.001648280529202175,,,,,,41.0,-0.031105780716019226,-0.26040861747787813,-0.2333455828207004,-0.8713449728493021,0.15146704487358953,0.7078889055010567,0.08537508284141615,0.05973057088049372,0.004456711896804452,0.0939021863375359,0.9250402721180161,0.6632539019520542,0.6539511745644011,0.5667616788599212,0.06246692192165177,150.89386300803758,106.01521444932726,105.61616915026235,26.109811023291407,17.2263825949647,,,,,,107.38087079061076,75.44379749901238,75.15982417601377,18.580571720865656,12.25884159066855,,,,,,34.35914745590653,22.77380014858586,24.27281173878669,0.7098843700760002,5.923018029917289,0.003799392097264442,LANDSAT-7,98.07090306943803,039801,9.76849825877E11,2000-12-15T03:10:25.877,"{""geodesic"":false,""type"":""Polygon"",""coordinates"":[[[105.1329855144116,10.70476507401089],[105.13468448997357,10.70476507401089],[105.13468448997357,10.708269925990292],[105.1329855144116,10.708269925990292],[105.1329855144116,10.70476507401089]]]}"
2_LE07_126053_20010116_12,0.021773726877986115,0.017349743914406926,0.018318216902942056,0.0023473649106442664,0.004162772600760648,0.0323883938327229,0.025602653983516806,0.02708602821946852,0.0011981018509400689,0.005764382393014716,0.03653435612813057,0.026151577205132167,0.026442626815771416,9.076145058201562E-4,0.0066690929952881685,0.016497261603529798,0.010353843394036843,0.01029303595018524,6.754466841926055E-4,0.002455069953386051,,,,,,11.0,0.3751211019014877,0.23878866322924966,0.2605143545370189,-0.6394448254838488,0.1475050487963472,0.5729318630721061,0.022790455140911235,0.010894751361281941,-0.10854513343558392,0.07399873837024643,0.830310550017002,0.5135974083591184,0.5031312440446843,0.45746425093176135,0.06181060199925799,163.6750810715481,92.76743088515886,90.93618818889487,5.101293695219061,25.255100549871234,,,,,,116.47639196068867,66.01625348358633,64.71308295409105,3.6302427960380133,17.972332571306588,,,,,,94.40184919512949,48.71551274685993,47.69359032051579,0.7924774183864611,19.671904422035286,0.0,LANDSAT-7,91.07420856305401,039801,9.79614654082E11,2001-01-16T03:10:54.082,"{""geodesic"":false,""type"":""Polygon"",""coordinates"":[[[105.1329855144116,10.70476507401089],[105.13468448997357,10.70476507401089],[105.13468448997357,10.708269925990292],[105.1329855144116,10.708269925990292],[105.1329855144116,10.70476507401089]]]}"
2_LE07_126053_20010422_12,0.018890018229026757,0.015187551344903957,0.015933221704054215,0.0018220451266414063,0.0028886031850840154,0.024419128669228417,0.019760321359654692,0.02062982524087301,0.0013688157566586346,0.004242486330947253,0.020388762129014738,0.015474592328365585,0.016221877300275668,3.702973722900894E-4,0.003631827112728437,0.017005223559008274,0.009712309632949124,0.010169394823469386,2.4742657143183753E-4,0.0022992129043946925,,,,,,5.0,0.3356926878986317,0.18847683541292887,0.2094727223391783,-0.4023997266020294,0.11751728550208908,0.14301842818379512,-0.11187436147495297,-0.11947166968677715,-0.16608967839695257,0.041250024601740216,0.7715794733790223,0.4164077596668927,0.4097235722758411,0.3645480690530392,0.051699711807916306,170.4309813542444,85.8861162286842,89.64818264305325,1.8566900669101063,22.748278653348542,,,,,,121.2841054148258,61.11929117334919,63.79649725379491,1.321279687580566,16.18839840195442,,,,,,27.904914618918582,18.951004636355478,19.798732894426117,0.32012601488763703,5.147136534233795,0.0,LANDSAT-7,95.89816828430632,039801,9.87909031059E11,2001-04-22T03:10:31.059,"{""geodesic"":false,""type"":""Polygon"",""coordinates"":[[[105.1329855144116,10.70476507401089],[105.13468448997357,10.70476507401089],[105.13468448997357,10.708269925990292],[105.1329855144116,10.708269925990292],[105.1329855144116,10.70476507401089]]]}"
2_LE07_126052_20010508_12,0.017192522847156836,0.011081448631856852,0.011404017752592841,0.003462586745135403,0.002040849062659147,0.02194831981822319,0.016335536068688917,0.01694306249131305,0.003514827362497103,0.0032816563373238472,0.018163555790938837,0.0124611109743336,0.012981382951121818,0.0027597591882464437,0.002649876861190107,0.016632153223832623,0.011059878032645614,0.011105655305770717,0.0026843126242577005,0.002152792799946404,,,,,,14.0,0.10020156900858578,-0.017717521046103458,0.006066742184224591,-0.6115299592172607,0.09374761014111524,0.03499408187578235,-0.13605629819147197,-0.1335508517530458,-0.26601806861015487,0.039321690220266846,0.6670575875091761,0.4606058101100157,0.4543909665266457,0.3772773386049226,0.043511337631244505,165.4558371391657,99.8468395057025,99.54342930112247,20.907010238775175,22.150671745356473,,,,,,117.74363459994869,71.05418575731994,70.8382694084037,14.878093252528826,15.763122324508855,,,,,,23.346096667875152,14.05124881384895,14.6135768203238,2.4955626265115205,3.4754804481336063,0.0,LANDSAT-7,97.10904071234113,039801,9.89291402354E11,2001-05-08T03:10:02.354,"{""geodesic"":false,""type"":""Polygon"",""coordinates"":[[[105.1329855144116,10.70476507401089],[105.13468448997357,10.70476507401089],[105.13468448997357,10.708269925990292],[105.1329855144116,10.708269925990292],[105.1329855144116,10.70476507401089]]]}"
2_LE07_126052_20010711_12,0.023661419878091377,0.020268500809398102,0.021404152099907155,0.002013886454998317,0.003766644567675431,0.03835616655895157,0.032428430675317504,0.0345629951641218,0.004184520142022872,0.007045859544655588,0.04993132233686254,0.04284865686700274,0.045886638198432965,0.006186617075159488,0.008890451285405726,0.032605792578398525,0.02613029591347849,0.028780053109430322,1.2045033697785126E-4,0.007234764133971311,,,,,,10.0,-0.09524555190287283,-0.1775756108662619,-0.16295817781474364,-0.7823914660291942,0.09314584989775607,0.5571638793861456,0.15383180784997497,0.1402041276033212,0.10439323019051754,0.05860406116133375,0.8871366232067387,0.5924863896434126,0.5848766480772878,0.5567555763358569,0.046655566346407266,475.2638644271967,340.6852851273475,377.4432048194342,0.9021422746290646,110.25991745068862,,,,,,338.21287758260087,242.44248144520938,268.6005858657803,0.641993127457617,78.46446312084299,,,,,,490.15598990822,226.5021146314941,244.13606742838942,5.989390172089747,98.57940617654167,0.0,LANDSAT-7,97.10904071234113,039801,9.94820963341E11,2001-07-11T03:09:23.341,"{""geodesic"":false,""type"":""Polygon"",""coordinates"":[[[105.1329855144116,10.70476507401089],[105.13468448997357,10.70476507401089],[105.13468448997357,10.708269925990292],[105.1329855144116,10.708269925990292],[105.1329855144116,10.70476507401089]]]}"
2_LE07_126052_20020103_12,0.02748519570059769,0.022572222206718152,0.023984785752427087,0.0012090116126956055,0.00493157719596764,0.03429599301351508,0.02843107725794228,0.03065103074078761,2.5587599231386397E-4,0.006330616573355467,0.03367914309928442,0.02731768211214007,0.02920478574336702,0.0024705947812949072,0.005898957417214033,0.023157982126623206,0.01641791002407051,0.01652780727027981,0.002729260649921903,0.003125044270705395,,,,,,2.0,0.24792996019021657,0.12083376528335471,0.179415786336508,-0.89032000546571,0.20456400960751572,0.8123024132217745,-0.007212065473609396,-0.024154762341432046,-0.09613214860243038,0.08912815272993796,0.8197083352909704,0.44741532201551987,0.42955298651585977,0.4041289601231304,0.07108482880480475,264.7119539589118,164.54801489261757,164.0774914958943,21.271971978967848,37.8532933701075,,,,,,188.37744331111674,117.09759942387107,116.76276001383616,15.137811631301187,26.93760715873601,,,,,,75.21373134998119,50.24804421353981,53.78301797468134,2.22171574012943,14.283282193793925,0.001899696048632221,LANDSAT-7,94.93142330301798,039801,1.010027319109E12,2002-01-03T03:08:39.109,"{""geodesic"":false,""type"":""Polygon"",""coordinates"":[[[105.1329855144116,10.70476507401089],[105.13468448997357,10.70476507401089],[105.13468448997357,10.708269925990292],[105.1329855144116,10.708269925990292],[105.1329855144116,10.70476507401089]]]}"
2_LE07_126053_20020119_12,0.023114271152143165,0.0192296493581184,0.02022851101462682,9.778611682230286E-4,0.0043253799244790635,0.029667666447858284,0.024966632888095308,0.02690766022174917,6.488822386442108E-4,0.005914304915897481,0.02948340096397713,0.024610012647869058,0.026512107637976092,0.0028886951134249636,0.005523199939162448,0.025513966241988664,0.01944700563167679,0.02054520962733564,0.0019249595643890344,0.0038895794237019834,,,,,,40.0,0.06876088086646297,-0.04349655403222459,-0.004455695555891553,-0.884516872711114,0.16035793148058305,0.633184542488998,0.00761977184819662,-0.008389879064487444,-0.053058564595741854,0.07999052450129297,0.8864687880784505,0.4616023145761832,0.45103510678588093,0.42709745416952594,0.06805604770270181,308.22858609316927,208.42657917395144,221.6206841572007,14.817612423376385,49.003675529347944,,,,,,219.34526240792343,148.32298094465867,157.71232557511965,10.544684146466412,34.87257364470544,,,,,,54.89560683920967,40.34491294959413,44.16313226867073,2.6186536241069076,11.38848132937724,0.009975266702425663,LANDSAT-7,99.28665804788339,039801,1.0114097552E12,2002-01-19T03:09:15.200,"{""geodesic"":false,""type"":""Polygon"",""coordinates"":[[[105.1329855144116,10.70476507401089],[105.13468448997357,10.70476507401089],[105.13468448997357,10.708269925990292],[105.1329855144116,10.708269925990292],[105.1329855144116,10.70476507401089]]]}"
2_LE07_126052_20020220_12,0.022346398416374688,0.018945368528060568,0.01965111743516358,0.006181568926078455,0.0030116508970148012,0.029452961173043916,0.02520588710517848,0.02578215779724793,0.005924387413527674,0.004092818737966416,0.028393030247660468,0.02207396828758697,0.022476201639864545,0.0018071272194535063,0.004551058860283144,0.020339498085349923,0.014859627249122424,0.015593199865859716,0.0012467905647561498,0.0023276591086303176,,,,,,1.0,0.18050461545549143,0.09525345991606247,0.1240581409553486,-0.47689523111988996,0.10701083684773449,0.08653506463253512,-0.06026350645692969,-0.05996695112812858,-0.13351954303382232,0.03348757550419815,0.6476554025667999,0.44074712039031083,0.43908621891019056,0.38822625321407944,0.03636926587585874,218.43317180572703,143.98555035883786,151.9817028988379,9.498248402905787,26.06011617132093,,,,,,155.44399043455243,102.46469585031282,108.15501224624226,6.759255573139003,18.545207284088985,,,,,,50.67571745396693,33.195402513079785,32.753528847155785,1.6047058862666728,9.603282804788833,0.005065856129685922,LANDSAT-7,94.42363816123216,039801,1.014174530252E12,2002-02-20T03:08:50.252,"{""geodesic"":false,""type"":""Polygon"",""coordinates"":[[[105.1329855144116,10.70476507401089],[105.13468448997357,10.70476507401089],[105.13468448997357,10.708269925990292],[105.1329855144116,10.708269925990292],[105.1329855144116,10.70476507401089]]]}"
2_LE07_126052_20020612_12,0.021050226598582352,0.01640553956514915,0.0171103231666995,0.0011564992420459422,0.0038241322453670895,0.034449889639652786,0.028134528981073596,0.02970512823872801,0.004033878209920745,0.005905191249954416,0.04043574301803779,0.03117694900013311,0.03340717026076966,3.9475220748151293E-4,0.009484682027213842,0.034701509932721725,0.025563511133391267,0.025281496415869426,0.01682721090100633,0.0025715149419157793,,,,,,20.0,-0.07269224437344596,-0.22467087533396957,-0.19653093250935966,-0.919744869655629,0.15365933303627327,0.31759789351483414,0.07940963734243571,0.07361285700085289,0.024609673235735013,0.03852231830173869,0.9272698588847754,0.5903728519551799,0.5806738522486921,0.5417564843114021,0.05578933040354727,538.691684337721,312.00285034185106,303.71583551859055,168.04782258008737,54.5961043180215,,,,,,383.3501310040958,222.0311488551129,216.1338456100562,119.588173855385,38.85232378954944,,,,,,133.02461391974737,73.08639756793475,73.65418569707668,0.34142111063757385,31.61071611783089,0.003799392097264442,LANDSAT-7,98.04160777756215,039801,1.023851313207E12,2002-06-12T03:08:33.207,"{""geodesic"":false,""type"":""Polygon"",""coordinates"":[[[105.1329855144116,10.70476507401089],[105.13468448997357,10.70476507401089],[105.13468448997357,10.708269925990292],[105.1329855144116,10.708269925990292],[105.1329855144116,10.70476507401089]]]}"
2_LE07_126052_20020628_12,0.02352066130473318,0.017508130503597792,0.01781247591411116,6.597357902647272E-4,0.003824905824172513,0.04131002190707881,0.031013049122662003,0.03340688475150589,9.586581709215758E-4,0.008141743995208619,0.054705475772707055,0.040634682208458894,0.04312757744534648,0.0022327637831175804,0.010722823348970638,0.029717779414843336,0.021506079484932772,0.02273530797100543,0.0021178316556323988,0.005549563050719677,,,,,,49.0,-0.07001343502020843,-0.14959385006178846,-0.12745457281738803,-0.9259215966563243,0.12138658605037035,0.7829456932236329,0.15435115795048254,0.1379208969748188,0.05670901796818074,0.07963698668927469,0.9560576449148903,0.6233363584621247,0.6175100198753906,0.5846385037224873,0.04259610113242227,399.55971507704646,246.9717721439043,257.39561238281505,16.350774408112567,79.08255870721973,,,,,,284.33939778939964,175.75296585852615,183.1709020126083,11.635730963759855,56.277663312778095,,,,,,163945.00238240196,2497.6092812677252,174.83282046547072,1.9987445926588558,16706.99359593376,0.0,LANDSAT-7,98.19784938011226,039801,1.025233707567E12,2002-06-28T03:08:27.567,"{""geodesic"":false,""type"":""Polygon"",""coordinates"":[[[105.1329855144116,10.70476507401089],[105.13468448997357,10.70476507401089],[105.13468448997357,10.708269925990292],[105.1329855144116,10.708269925990292],[105.1329855144116,10.70476507401089]]]}"
2_LE07_126052_20021002_12,0.028432908332417198,0.02344642342875363,0.024283431213565694,0.002495149352395972,0.004455159048301891,0.043235816128208454,0.035450917366077146,0.03764900074341282,1.395058165332297E-4,0.008305211371233731,0.0510495716184986,0.04192264300559502,0.04472610507724449,0.0014346442026395862,0.010104414006058104,0.024165513323296268,0.018256533010881527,0.019418420892199452,0.001640559375246888,0.004187502910946285,,,,,,44.0,0.206881724807816,0.10209384389610479,0.10280178529715364,-0.34057836261107444,0.0815082112621092,0.9345388400273172,0.09666358647655662,0.08967139898076591,0.049533674692144626,0.09242037131956464,0.8780237437294722,0.5543004273994746,0.5457274324575287,0.5160327361744336,0.043724673296687055,282.735081561745,192.00339045415174,204.49943107819334,12.573406754971645,51.71908177805821,,,,,,201.2032739829674,136.6357176541913,145.52829749074152,8.947636035280542,36.804943071295746,,,,,,629.5697607118013,223.6852026753168,217.8226511366027,3.828495080302527,115.85862290729675,0.0,LANDSAT-7,94.77518177424876,039801,1.033528064457E12,2002-10-02T03:07:44.457,"{""geodesic"":false,""type"":""Polygon"",""coordinates"":[[[105.1329855144116,10.70476507401089],[105.13468448997357,10.70476507401089],[105.13468448997357,10.708269925990292],[105.1329855144116,10.708269925990292],[105.1329855144116,10.70476507401089]]]}"
2_LE07_126052_20021018_12,0.03028766993320511,0.023970006372837863,0.024889483710771338,0.0033963850980505733,0.00479593751365064,0.03866460048261374,0.030538160658594122,0.0319015540849701,0.0012509986465268194,0.006578909812805138,0.040944357317720316,0.031204119681244456,0.03285391258083526,0.004147187201811774,0.007306656809107052,0.03582903642860667,0.016040390019694352,0.015483796841472868,0.002809588414119027,0.005308682478043304,,,,,,18.0,0.36748090853196486,0.17010282316281822,0.21493186296470712,-0.3997961637584039,0.139407189060787,0.5707479769968549,0.023434604851162378,0.016403480482841678,-0.04823912140338085,0.06398638856090183,0.6995790322400776,0.4533454009115998,0.44509960369638885,0.34740079108077754,0.04808519022138932,576.3522335671792,167.28557288358556,150.59452471998975,21.925478516991653,82.95963964132208,,,,,,410.1505753037853,119.0457327345962,107.16785214697096,15.602867662881579,59.03671738250849,,,,,,139.67197188871654,69.04039935965903,70.60144173486384,3.853058039360195,26.21955463707437,0.3238149869877032,LANDSAT-7,91.7431181903108,039801,1.034910466818E12,2002-10-18T03:07:46.818,"{""geodesic"":false,""type"":""Polygon"",""coordinates"":[[[105.1329855144116,10.70476507401089],[105.13468448997357,10.70476507401089],[105.13468448997357,10.708269925990292],[105.1329855144116,10.708269925990292],[105.1329855144116,10.70476507401089]]]}"
2_LE07_126052_20030106_12,0.020869831795661518,0.017557870922897963,0.018727382398120468,0.0013920164812258142,0.00350201571445753,0.030263950562704534,0.025424879307331137,0.027033353230060397,0.0035938118542888204,0.005337698607417239,0.029927055871813147,0.024425403897759698,0.025949705437795248,8.945036391148927E-4,0.005461124170104273,0.02503544324389969,0.0117546091341089,0.011509980266298885,0.0023488698983398955,0.002870749231418834,,,,,,1.0,0.3255081313041891,0.18567835501890936,0.2436926055919162,-0.8259257213236307,0.18392364729413954,0.25319396823577733,-0.008745222500066863,-0.0184795304186838,-0.0943151171444914,0.04295851664164549,0.8440544591178849,0.49780427393928206,0.4852598325752337,0.43173684325816675,0.051527569816737256,298.99394537265636,107.92837426383619,103.9200495911617,18.19937656054751,34.89400871161939,,,,,,212.77359844333736,76.80526285451614,73.95281156734647,12.951255034233736,24.831686101304605,,,,,,56.718862345625425,39.866379003787,42.38123557653885,0.7808395015707655,11.351151867554359,0.001899696048632221,LANDSAT-7,96.02023204457001,039801,1.041822500436E12,2003-01-06T03:08:20.436,"{""geodesic"":false,""type"":""Polygon"",""coordinates"":[[[105.1329855144116,10.70476507401089],[105.13468448997357,10.70476507401089],[105.13468448997357,10.708269925990292],[105.1329855144116,10.708269925990292],[105.1329855144116,10.70476507401089]]]}"
2_LE07_126052_20030122_12,0.02660110845119236,0.023349078975731158,0.024111914600363573,0.0033828673781786567,0.0031459592186048,0.030457347053819025,0.026393215744993127,0.028238705396358855,3.768051422328809E-4,0.006086605227902173,0.028051416886325762,0.0229044453532596,0.023970773185916328,0.0011437577450733585,0.005203059436990016,0.02576571196367156,0.01776073362757224,0.018183957527654896,0.002252199443056367,0.0032723236833634667,,,,,,26.0,0.1936056237518083,0.10755242924360682,0.13664423241891874,-0.714655156092916,0.11192030624582179,0.5469908259523879,-0.06520765451027447,-0.0705793647628616,-0.3291177106027581,0.08562059118007971,0.6286695165923881,0.3721438991262006,0.3701418524709904,0.3177444141853777,0.033585471492941006,313.17299449280574,182.9931728404155,186.65049705695375,17.42428232469073,42.06450597664914,,,,,,222.8638606392451,130.22376030822318,132.82642851027293,12.399673330830389,29.934439950740696,,,,,,49.42462246964324,35.0444188905951,36.62949016628909,1.0030662095674692,9.374747293042557,0.3887771420624991,LANDSAT-7,96.52801729222975,039801,1.043204910646E12,2003-01-22T03:08:30.646,"{""geodesic"":false,""type"":""Polygon"",""coordinates"":[[[105.1329855144116,10.70476507401089],[105.13468448997357,10.70476507401089],[105.13468448997357,10.708269925990292],[105.1329855144116,10.708269925990292],[105.1329855144116,10.70476507401089]]]}"
2_LE07_126052_20030207_12,0.02402806504597463,0.019874791390811525,0.02087683723049914,0.0024889840004885086,0.004031060285921418,0.030287824190793653,0.025709070579255266,0.027622558653565395,0.0012570111711400712,0.0059472976999191095,0.02752784613788742,0.023261045706163865,0.025043479992884168,0.0018556206507698379,0.005275515022501998,0.020668191339179423,0.015641784932291413,0.016708891434516055,0.003241473427396189,0.0032189460723103837,,,,,,0.0,0.18215577874556638,0.07945421927638813,0.10720725872711341,-0.7788380347433574,0.13648787757085576,0.36300637211529085,-0.0426110314128898,-0.04929230906374097,-0.11475109743100047,0.04908379748387259,0.7681269158173847,0.4441405542724511,0.4350343387602991,0.40224116104699686,0.050657538892453856,223.53982934710757,155.20553591347144,166.47315577815607,25.467332432079104,37.12118333347843,,,,,,159.07805031406969,110.44919432557863,118.4675908904738,18.12336352688478,26.416614378242794,,,,,,47.56815755329918,36.53901807351292,39.652084987936504,1.6492790324156306,10.166193889217617,0.003166160081053702,LANDSAT-7,95.89816828430632,039801,1.044587319595E12,2003-02-07T03:08:39.595,"{""geodesic"":false,""type"":""Polygon"",""coordinates"":[[[105.1329855144116,10.70476507401089],[105.13468448997357,10.70476507401089],[105.13468448997357,10.708269925990292],[105.1329855144116,10.708269925990292],[105.1329855144116,10.70476507401089]]]}"
2_LE07_126052_20030327_12,0.018352794016045924,0.01467582669363187,0.015514246489253383,0.0019785398897924312,0.002893303351769541,0.023871138680230424,0.020257238870998836,0.02166848964367638,6.410688840646129E-4,0.004513004866416854,0.020224995735976227,0.016624021995543144,0.017567494789460396,0.0013649142484547096,0.0036711165184996415,0.016697127317272773,0.011587927790146063,0.0116350118182049,0.0034496164313952936,0.0019265725902676103,,,,,,5.0,0.21541646199275122,0.09507918888300487,0.13890474934904054,-0.7342566119214707,0.14839470284528905,0.7717122716856034,-0.07988183769727823,-0.09418096216087254,-0.13507434058579748,0.11309533743886455,0.7657501081665729,0.44763767521465087,0.43324060127710345,0.37373857313613273,0.056550791281786375,166.31699716702366,105.41371188587914,105.28640920051578,27.19150355207451,20.426241307385414,,,,,,118.3564634575181,75.01574914927663,74.92515651061132,19.350338518222024,14.535962794254578,,,,,,27.549351845632387,20.926347838109574,22.217674530199176,1.2019805287717469,5.336051416786517,0.1663711583924352,LANDSAT-7,93.68637303269674,039801,1.048734520342E12,2003-03-27T03:08:40.342,"{""geodesic"":false,""type"":""Polygon"",""coordinates"":[[[105.1329855144116,10.70476507401089],[105.13468448997357,10.70476507401089],[105.13468448997357,10.708269925990292],[105.1329855144116,10.708269925990292],[105.1329855144116,10.70476507401089]]]}"
2_LE07_126052_20030412_12,0.02077980415115608,0.016655159787596883,0.017814076800434606,0.0011713233247366383,0.0037311982035333267,0.02554258062933666,0.02074971885099737,0.022458490244635247,0.0020232977920216734,0.004342609685608799,0.020506809840536645,0.016431997523162878,0.017685825413840124,9.320075304907129E-4,0.003530858788350909,0.015175215700766744,0.010660813274393563,0.010987415000067441,0.002593283668056806,0.001835967073298349,,,,,,7.0,0.32520161232615963,0.18246534419750024,0.23275034654273502,-0.826712584791646,0.18854491016591687,0.1102569518328049,-0.10343035862367841,-0.11131146781923898,-0.15619893849890348,0.041976685957331804,0.8946440734020255,0.406170575550046,0.38685381313951583,0.3375468879490022,0.07807573728253334,146.71345615838035,95.39310310606596,98.27548907682143,20.16944987346516,18.659916694298293,,,,,,104.40596035471506,67.8847653227769,69.93596282891987,14.35322184484665,13.278990036906247,,,,,,28.163326196596092,20.677942706232155,22.438800084281038,0.8141450889485372,5.186333823368163,0.008865248226950364,LANDSAT-7,93.68637310647765,039801,1.050116927184E12,2003-04-12T03:08:47.184,"{""geodesic"":false,""type"":""Polygon"",""coordinates"":[[[105.1329855144116,10.70476507401089],[105.13468448997357,10.70476507401089],[105.13468448997357,10.708269925990292],[105.1329855144116,10.708269925990292],[105.1329855144116,10.70476507401089]]]}"
2_LE07_126052_20031106_12,0.030564372877968638,0.02715004484519889,0.028469398172628634,0.004639744412594336,0.0041813946960619465,0.032903175446003755,0.02909730025898488,0.030390396489361465,7.281687739209659E-4,0.005585583490015542,0.030724102360221706,0.02703986160015571,0.02817105822851628,0.0011029264041153585,0.004615308941933831,0.026953879958804338,0.021505125286374764,0.024040336561555294,1.840380226972273E-4,0.006545053843685526,,,,,,2.0,0.1342079140889203,0.06519496678465506,0.07838931687586304,-0.3117542392915871,0.059275750725810185,0.0020341788583111368,-0.038991618849515276,-0.03638138282747479,-0.512977121908998,0.05266877353532378,0.5181373728170947,0.35194791394092734,0.3469347677401776,0.31557446049415855,0.02425620061494277,337.34952413396474,248.73016500143603,280.4498135510158,1.3797107746590052,82.96231997457956,,,,,,240.06864785729374,177.0042941264206,199.57700460335084,0.9818460570141309,59.03862479287909,,,,,,60.16380482807692,47.3156846817437,49.85912271022275,0.9665208204163002,10.668880150273491,0.08557088565763382,LANDSAT-7,94.93142337679888,039801,1.068088106529E12,2003-11-06T03:08:26.529,"{""geodesic"":false,""type"":""Polygon"",""coordinates"":[[[105.1329855144116,10.70476507401089],[105.13468448997357,10.70476507401089],[105.13468448997357,10.708269925990292],[105.1329855144116,10.708269925990292],[105.1329855144116,10.70476507401089]]]}"
2_LE07_126052_20040210_12,0.0290232095720803,0.023667237334235376,0.0255285292589844,0.0010106652543976837,0.0061359867576362415,0.030961863495629398,0.02538912197195656,0.028217118311298455,7.475976239115469E-4,0.006725591001618088,0.02521241147112835,0.020810544597183202,0.022747070059298182,0.0022795548483813856,0.004941801452120285,0.0321336645673383,0.023020729703184816,0.024202186744854463,0.00666626789133325,0.004536648313943014,,,,,,4.0,0.07628761243722228,-0.03994693080897891,0.026735800984939682,-0.8977269910022343,0.19848089916840353,-0.03685181977275238,-0.11232393816529229,-0.10551020984881013,-0.3739289508881681,0.039535890143050006,0.8256895735380648,0.34037434181142795,0.3263517376673624,0.2845535904359723,0.07392501173593698,462.0288688806348,269.45588645473947,283.40713905053036,55.35091907692371,69.16123600998456,,,,,,328.79443392711585,191.75337651488604,201.68153146096225,39.389473972338436,49.21733461957657,,,,,,40.148119010178895,30.086288195618593,33.42910061781112,2.042452302130385,8.715085319581595,0.0,LANDSAT-7,99.28665804788339,039801,1.076382548274E12,2004-02-10T03:09:08.274,"{""geodesic"":false,""type"":""Polygon"",""coordinates"":[[[105.1329855144116,10.70476507401089],[105.13468448997357,10.70476507401089],[105.13468448997357,10.708269925990292],[105.1329855144116,10.708269925990292],[105.1329855144116,10.70476507401089]]]}"
2_LE07_126052_20040226_12,0.026795375780238766,0.02251830894142647,0.024849736188571732,9.548187969746415E-4,0.005539384283937657,0.030408938337418086,0.02568598983492757,0.02787084288657566,0.006259155426001476,0.005049832250364795,0.025520689503361785,0.02114470539154181,0.022638074210706335,0.0053451854079589484,0.004107235897840251,0.033024201856870945,0.021252073750518272,0.022498585675927944,0.001430436409035415,0.004595987823345859,,,,,,20.0,0.09585598081558153,-0.025329557535674906,0.04586709554474006,-0.8913421972374792,0.17771160450319295,0.011070424792802035,-0.09547142714509184,-0.1004517827565368,-0.13867580245891772,0.022906615372017186,0.8479486167812085,0.36709529663801604,0.3440918343703939,0.31653127869218267,0.08151654015176553,487.3009517622684,238.8067625612242,253.35882916106976,10.927840183424642,66.75046688733487,,,,,,346.7788516656806,169.94248542198798,180.2981987170419,7.776598539956928,47.50175465824028,,,,,,41.0681118394739,30.584840645141977,33.15588280146285,5.08659130041276,7.792856745916152,0.0020522891071737574,LANDSAT-7,97.10904071234113,039801,1.077764947608E12,2004-02-26T03:09:07.608,"{""geodesic"":false,""type"":""Polygon"",""coordinates"":[[[105.1329855144116,10.70476507401089],[105.13468448997357,10.70476507401089],[105.13468448997357,10.708269925990292],[105.1329855144116,10.708269925990292],[105.1329855144116,10.70476507401089]]]}"
2_LE07_126052_20041124_12,0.02036150039056445,0.015239503809336993,0.016334884867515692,0.002402876689889525,0.00372582708291988,0.02944900164221197,0.023543039472475467,0.025409033669397497,7.717918780019791E-4,0.006045294858797891,0.03229746533019839,0.0251903295036224,0.02777819657465469,2.753167908230903E-5,0.0070364427587668935,0.028861612577770448,0.00995730908155052,0.009873589218720424,8.257660702321132E-4,0.002955117677152257,,,,,,3.0,0.3244045129504619,0.19411740838231928,0.2415211222289863,-0.8457041018750084,0.18455364829066256,0.6278103679510457,0.06031151715944593,0.0436515619832783,0.008136962117779627,0.07274427710269811,0.8224204857727588,0.5513349264202454,0.5349617646309478,0.4976961817146207,0.05641372268373701,379.32355513642847,89.49288206089966,86.58933891262808,6.250756542876905,36.64743455970094,,,,,,269.93870293963045,63.68598042154277,61.619726795158314,4.448237107154429,26.079479687341504,,,,,,67.68306879523952,44.80321854543712,48.454446311542,0.023652255311136915,14.669781462144561,0.0020466392978823315,LANDSAT-7,95.70774875510149,039801,1.10126574402E12,2004-11-24T03:09:04.020,"{""geodesic"":false,""type"":""Polygon"",""coordinates"":[[[105.1329855144116,10.70476507401089],[105.13468448997357,10.70476507401089],[105.13468448997357,10.708269925990292],[105.1329855144116,10.708269925990292],[105.1329855144116,10.70476507401089]]]}"
2_LE07_126052_20050127_12,0.023804172968783347,0.019360830734289226,0.02058695103860877,0.002758463885150827,0.004371887163076472,0.028841060740608333,0.023092135573016984,0.025388765707454634,0.0019435304939274998,0.005881168792793774,0.024218123023555138,0.019192281385767878,0.02112872358732149,0.0022921855080764706,0.0048852775998755,0.025253625260363982,0.015529040581621313,0.01657325642510973,0.0037193976671093783,0.0033521683114372623,,,,,,22.0,0.1992274398341708,0.06053496499041263,0.10285461740772776,-0.6704666530239746,0.1469425009341943,0.08231312344454109,-0.09255075000248568,-0.09701607837868859,-0.20455122334356945,0.03481533592372898,0.683039727899134,0.39719874411675565,0.3859565162838725,0.3431061002978645,0.05328363710517122,303.17817397128994,153.82110164874567,164.677144756765,29.443154235642943,40.98324264570878,,,,,,215.7512285573223,109.46398688284323,117.18949234105675,20.952684738922684,29.164978584216218,,,,,,37.3075935824049,26.49688761662418,29.554714068263774,2.0542640216013974,8.044623905147336,0.007271497765592985,LANDSAT-7,97.10904071234113,039801,1.106795365781E12,2005-01-27T03:09:25.781,"{""geodesic"":false,""type"":""Polygon"",""coordinates"":[[[105.1329855144116,10.70476507401089],[105.13468448997357,10.70476507401089],[105.13468448997357,10.708269925990292],[105.1329855144116,10.708269925990292],[105.1329855144116,10.70476507401089]]]}"
2_LE07_126053_20050212_12,0.021879966018793495,0.017331957052680196,0.018953688645464924,0.0010342573523301334,0.004253653800435658,0.02604533953601471,0.02116954375891673,0.022818714709274712,1.0598451703756694E-4,0.005615027048501991,0.021690294721353445,0.016907589355456828,0.018559347254126488,0.001387655448517334,0.0042734519939537675,0.025457872080324063,0.01647510517855078,0.01759015763007188,0.00119843743338684,0.0036423238201812305,,,,,,1.0,0.11965527313019184,-0.0216023215699279,0.04214358167440733,-0.8419755401309643,0.1659447170824477,0.038848450357221315,-0.11657297668334504,-0.11173582763140623,-0.3993494580382263,0.05033006682772965,0.856767333370285,0.40263735270254664,0.3799739633218075,0.34187900637667196,0.07034826050623619,307.1350452327904,166.16686449503982,178.3828965525401,9.123171571008207,43.88417050649204,,,,,,218.5670639610698,118.24962427446353,126.94294111181235,6.4923389734864365,31.229371088867673,,,,,,30.85612022396938,21.739819812114984,24.11593576947352,1.2225281418436034,6.474001281790057,0.0,LANDSAT-7,98.19784938011226,039801,1.108177800248E12,2005-02-12T03:10:00.248,"{""geodesic"":false,""type"":""Polygon"",""coordinates"":[[[105.1329855144116,10.70476507401089],[105.13468448997357,10.70476507401089],[105.13468448997357,10.708269925990292],[105.1329855144116,10.708269925990292],[105.1329855144116,10.70476507401089]]]}"
2_LE07_126052_20050401_12,0.027805969140573424,0.022181761379743176,0.02449932339871753,8.270498305080614E-4,0.005935828858285586,0.03172002116734025,0.023885562689353518,0.025702498193228226,0.00412623559589111,0.006056759527455928,0.026232211208637543,0.020054468545692296,0.021070710479573894,0.0054046903383741345,0.004480936384887844,0.024450888678087777,0.016988339906339738,0.017359406406413615,0.003580257387577454,0.002638277197754255,,,,,,59.0,0.2579146640321653,0.09279778957510502,0.164059682174599,-0.90809761094401,0.20178090006110938,0.1790193704592624,-0.0760800321680868,-0.09247929091144629,-0.13785018571620478,0.05433133263149262,0.8565309727732601,0.35414991859324885,0.339661585816579,0.2521864855589062,0.08479486512083347,287.99532779536986,171.396971744529,175.22352876014364,28.279465886378926,32.00065084348177,,,,,,204.94663245944557,121.9715348915209,124.69463453437871,20.124567108544284,22.772680644118243,,,,,,43.26752251382953,28.307332654674216,29.42274796323236,5.149423685715936,8.489251889294163,0.12303666878480918,LANDSAT-7,95.47338636120202,039801,1.112324980931E12,2005-04-01T03:09:40.931,"{""geodesic"":false,""type"":""Polygon"",""coordinates"":[[[105.1329855144116,10.70476507401089],[105.13468448997357,10.70476507401089],[105.13468448997357,10.708269925990292],[105.1329855144116,10.708269925990292],[105.1329855144116,10.70476507401089]]]}"
2_LE07_126052_20051026_12,0.023622607759050104,0.015141783954651938,0.01570214402622663,6.734991285656432E-4,0.0062732231678908415,0.03533915687941938,0.022256836651427307,0.02473280853390497,0.002337025806251218,0.008339947172238857,0.03637827036302168,0.022906767597175054,0.025500865821026734,5.120089582002183E-4,0.01043097257516507,0.083341609438514,0.02875106025680747,0.023122074390518253,0.0011909816181224922,0.018464153540071596,,,,,,28.0,0.27593438922074576,-0.18463923761129594,-0.14600575352673495,-0.9660378189494452,0.335810910130344,0.2573140391225548,-0.028768620661206855,0.05191789018927001,-0.8914763743243013,0.20915115347688754,0.9718745210719748,0.572927042280579,0.5384679085236855,0.44685526655659197,0.1026947928128481,42133.432357106714,-546.404433892064,245.3208248465819,-89589.21888392894,10208.561842796524,,,,,,29983.49015468191,-388.838768824251,174.5780992676533,-63754.53676796973,7264.737202340043,,,,,,93.19851022795068,42.84602416596742,41.008368026381035,0.44379439218607536,27.359583390277578,0.046862342104473584,LANDSAT-7,91.86029938428284,039801,1.130296157947E12,2005-10-26T03:09:17.947,"{""geodesic"":false,""type"":""Polygon"",""coordinates"":[[[105.1329855144116,10.70476507401089],[105.13468448997357,10.70476507401089],[105.13468448997357,10.708269925990292],[105.1329855144116,10.708269925990292],[105.1329855144116,10.70476507401089]]]}"
2_LE07_126053_20060114_12,0.024955381450728387,0.019839576935045223,0.021679900554374548,8.31236279396314E-4,0.005367525415720248,0.02744688889160496,0.02287635171189663,0.02542173038940691,9.101446617670031E-4,0.006333402937627576,0.02474758565133221,0.019486342292631853,0.021606464632137338,6.284971073995712E-6,0.005512857526471829,0.029854551835904485,0.02522138329288486,0.026459474840313094,0.006920802959982344,0.004295916946823355,,,,,,22.0,-0.03885987072529026,-0.15670208244742445,-0.10002206544369388,-0.9278071076800666,0.16908249375423692,-0.03573683368666379,-0.10314064012569434,-0.08076503660913738,-0.99031487796472,0.1316880519856416,0.8426338804976155,0.39099947307881544,0.36847553262928134,0.3381322973657003,0.08110128676207456,402.8789888842272,308.3746419670348,327.11709072309066,57.70805594886513,67.91904478949489,,,,,,286.7014985713814,219.4492004118097,232.786922888081,41.066887518761085,48.33335184992982,,,,,,38.79672495030514,27.390151348713097,30.659046177199585,0.005397273859494233,8.907375998838377,0.13501716548019865,LANDSAT-7,98.04160777756216,039801,1.137208217747E12,2006-01-14T03:10:17.747,"{""geodesic"":false,""type"":""Polygon"",""coordinates"":[[[105.1329855144116,10.70476507401089],[105.13468448997357,10.70476507401089],[105.13468448997357,10.708269925990292],[105.1329855144116,10.708269925990292],[105.1329855144116,10.70476507401089]]]}"
2_LE07_126052_20061013_12,0.02284337334082595,0.01803176943684235,0.019333557128281532,0.0022565319947244443,0.0040389417073641385,0.03508568074093652,0.02999987457928596,0.03156965955683819,0.008566297514878465,0.005472673332150449,0.045509202365618694,0.03902863916192924,0.04096956427313049,0.0035691722863051547,0.007766346131061381,0.024885272460043892,0.01818874130608018,0.01994338482885784,0.0010423151367484388,0.00539759123890668,,,,,,52.0,0.06372705008162091,-0.0528146954388174,-0.022354730285982633,-0.4869054132339226,0.09851308790043153,0.29334174204467617,0.14140469470253417,0.1308462290603596,0.10057146849464271,0.031163170547932283,0.8802542189838514,0.5988576033393872,0.5849273103021463,0.5498558208619,0.05421969414376736,296.13924023588805,193.4630280707333,212.37397165364655,7.915883525320569,63.79448803378278,,,,,,210.74209949880913,137.67444219329946,151.1320709458828,5.633194412821781,45.39818611671373,,,,,,232.20341668534144,136.48152894230668,140.01420740348163,5.399153313874884,46.08680726728008,0.0,LANDSAT-7,94.54570182058475,039801,1.160708967881E12,2006-10-13T03:09:27.881,"{""geodesic"":false,""type"":""Polygon"",""coordinates"":[[[105.1329855144116,10.70476507401089],[105.13468448997357,10.70476507401089],[105.13468448997357,10.708269925990292],[105.1329855144116,10.708269925990292],[105.1329855144116,10.70476507401089]]]}"
2_LE07_126052_20061114_12,0.02868718324719493,0.0243070827929342,0.02566749210749492,3.673245083904814E-4,0.0053898486827222035,0.03410622367567568,0.028597000870082115,0.030579510849881537,9.88328972056379E-4,0.006673672455199711,0.03405532496253371,0.02712896734703215,0.030182159930002218,1.2861001493299096E-4,0.008460519287610673,0.028950095962895928,0.020255558625930113,0.022368070109458984,8.281549577124975E-4,0.005991979144744126,,,,,,3.0,0.11533503994466958,0.026867452034158048,0.05418551073697278,-0.8565701757785261,0.14830480633402765,0.3542317385840544,0.002474011706256228,1.7642200345439242E-4,-0.042715254523780194,0.043724118163889325,0.935671462950548,0.421807786106966,0.4078260303455726,0.37618243841249555,0.07286728909759166,381.37266690131884,227.18450828984118,251.15150785885967,6.269066091101124,77.20208842854205,,,,,,271.39691602580143,161.6717197372064,178.72739869362837,4.461266763847587,54.93946087038008,,,,,,77.43849850714854,52.03621404065244,57.797102118163394,0.11069246457395528,19.016354378967637,0.01246227717570589,LANDSAT-7,96.8453829163907,039801,1.163473796667E12,2006-11-14T03:09:56.667,"{""geodesic"":false,""type"":""Polygon"",""coordinates"":[[[105.1329855144116,10.70476507401089],[105.13468448997357,10.70476507401089],[105.13468448997357,10.708269925990292],[105.1329855144116,10.708269925990292],[105.1329855144116,10.70476507401089]]]}"
2_LE07_126052_20070202_12,0.023628481457240207,0.019448358056955443,0.02119297313608112,2.4057663470844977E-4,0.004648409787316809,0.0274100904372444,0.023257657463613038,0.02514801451793876,7.861986780296112E-4,0.0053371366198432055,0.022575773719189854,0.0184581711862644,0.01991632371936077,0.0018151781303040067,0.0042475876766136875,0.024732233269627396,0.018289109945218523,0.01906396640568347,0.005103388596535282,0.003310565178000892,,,,,,3.0,0.11703821023350541,-0.009767235272608924,0.05279366293045969,-0.9099632485249313,0.18558820874576237,-0.06015793410433032,-0.12408999980017672,-0.11807470963793926,-0.41465885174224176,0.047697023188500574,0.9253180354653954,0.3830420882649723,0.36331441475530335,0.3253128844704116,0.08207623751901373,293.2509063966102,191.15035543666804,199.28022137629327,41.30315410368025,43.06582160897885,,,,,,208.68666930030517,136.02867081235001,141.81414191505067,29.39263774972563,30.647007992888927,,,,,,33.000547627456875,24.762058219704507,26.88827390081232,1.6121002916679918,6.721493189975081,0.0028920089822396626,LANDSAT-7,98.09043319729933,039801,1.170385822355E12,2007-02-02T03:10:22.355,"{""geodesic"":false,""type"":""Polygon"",""coordinates"":[[[105.1329855144116,10.70476507401089],[105.13468448997357,10.70476507401089],[105.13468448997357,10.708269925990292],[105.1329855144116,10.708269925990292],[105.1329855144116,10.70476507401089]]]}"
2_LE07_126052_20071016_12,0.022130465126410943,0.017385679010118782,0.018794125243547486,6.463775529886257E-4,0.004296445999650249,0.032125020545185075,0.02698567901350238,0.029618699176399126,5.473523809540767E-4,0.006155962962582198,0.04026032047045171,0.033900810447355406,0.03717947970593555,0.0012849770032405659,0.008271197535042896,0.02339297285987988,0.016909160729345153,0.018600839383315058,0.0014768036423210879,0.004529962966325361,,,,,,44.0,0.08434617799921107,-0.039237607489300184,-0.0023874453948143134,-0.8459022799578046,0.14717694950386956,0.6391227685671088,0.13998815817866464,0.1226853218394768,0.09016800103852254,0.0720913220474458,0.9520747685733709,0.5788571955598809,0.5606630260863358,0.49743968528854154,0.06965322751975217,268.8409910914415,173.99694404831914,192.57618692754096,11.290054306401407,52.86598473511701,,,,,,191.31579742293496,123.82175785252753,137.04333783749234,8.034361626954247,37.62111568286634,,,,,,130.84039914162517,89.07249379591549,99.60262522002166,1.1298927218131476,30.965858999185006,0.0,LANDSAT-7,96.8453829163907,039801,1.192504189192E12,2007-10-16T03:09:49.192,"{""geodesic"":false,""type"":""Polygon"",""coordinates"":[[[105.1329855144116,10.70476507401089],[105.13468448997357,10.70476507401089],[105.13468448997357,10.708269925990292],[105.1329855144116,10.708269925990292],[105.1329855144116,10.70476507401089]]]}"
2_LE07_126052_20080527_12,0.02045207811495884,0.014754219863911655,0.016739631278598607,9.007908579870621E-4,0.0046898475396235,0.03375960914639155,0.0270273685448057,0.03005205667915151,5.691662443460451E-4,0.007344772224707723,0.03832789769067328,0.03028279503482648,0.0343184047337701,0.0015578304249121474,0.009115146626556301,0.07680678387937191,0.01717462685706431,0.013563639004641049,0.001388805279888194,0.013274717469949505,,,,,,5.0,0.20250699561767893,-0.03178094984963491,0.09920535637435028,-0.9218356529573283,0.28728724412855833,0.7442880912955435,0.051808250824447816,0.0669653706512174,-0.6240934004190604,0.11222615164349078,0.9355120334265034,0.6216890159288178,0.5919570890849277,0.5414006827304738,0.0730383917159327,5998.825742222282,267.65043495282833,127.17357752699878,-3965.5716876988163,1003.513868232819,,,,,,4268.95513892867,190.468559819358,90.5007614238027,-2822.0269036720774,714.1323767127259,,,,,,109.87393578339905,68.58834972545237,79.04312921468629,1.3768462532958996,28.624285859532794,0.0,LANDSAT-7,98.09043327108023,039801,1.211857796054E12,2008-05-27T03:09:56.054,"{""geodesic"":false,""type"":""Polygon"",""coordinates"":[[[105.1329855144116,10.70476507401089],[105.13468448997357,10.70476507401089],[105.13468448997357,10.708269925990292],[105.1329855144116,10.708269925990292],[105.1329855144116,10.70476507401089]]]}"
2_LE07_126052_20081002_12,0.022403870879384023,0.017930826961174255,0.0192552052375804,0.005046971979199286,0.003961184591303121,0.03170291515394929,0.02595983976203403,0.026958372074186162,0.014366976036961784,0.004027948186155411,0.03740233520423922,0.03019684808122114,0.03187386708212197,0.01689821571911398,0.005204764030011481,0.04549328954424537,0.02701546558477433,0.02457811693478224,0.021203373450467973,0.00547844522350338,,,,,,25.0,-0.05698643790443824,-0.19718306103686692,-0.10868575851721242,-0.7701789226461124,0.1810378471466774,0.11465054962947996,0.07402768019182747,0.07899576288805052,0.006468812004854613,0.02472878635448157,0.7510655114592796,0.5207955368059094,0.5122218906124529,0.4530558616736076,0.0448393553885019,1061.5718341611218,362.00098225981225,290.36333314482727,232.0115943001511,160.05062031492412,,,,,,755.4482712987151,257.6114092860389,206.63178036004652,165.1068276258596,113.89711044165185,,,,,,101.48927362244869,61.855693623758704,65.55675592160755,20.993032782520906,19.940495744830308,0.05207822762474268,LANDSAT-7,99.28665804788339,039801,1.222916925708E12,2008-10-02T03:08:45.708,"{""geodesic"":false,""type"":""Polygon"",""coordinates"":[[[105.1329855144116,10.70476507401089],[105.13468448997357,10.70476507401089],[105.13468448997357,10.708269925990292],[105.1329855144116,10.708269925990292],[105.1329855144116,10.70476507401089]]]}"
2_LE07_126053_20091106_12,0.01750264642369698,0.014405480286388182,0.015060814341659724,0.0014366299546453027,0.0027990190588038787,0.026474738523792375,0.022087626853089803,0.023783308586194537,0.0021798797430649442,0.004422635754235443,0.03087276575287162,0.024466801144006733,0.026502658771299408,0.0014850714657960592,0.005995269126944232,0.02676937918287676,0.018394466474380318,0.01782064921927735,0.004311578730994678,0.002942882156007545,,,,,,12.0,-0.03439520100716186,-0.13598749840097105,-0.09083503061333242,-0.8713548586606135,0.145838707244791,0.35939336197444743,0.06449709346755074,0.06268642892128144,-0.030287014369941176,0.03761749184747983,0.7840189626042529,0.5442114555392906,0.5357706432470224,0.4911976777425508,0.04457899018149174,333.50155381837743,191.49371581446516,181.56834303613743,34.45364452987013,41.31168768336422,,,,,,237.33030982931064,136.2730169747972,129.20980611511172,24.518308947598154,29.39871051636555,,,,,,60.83183211763253,40.59912658546045,44.13260807511986,1.310746214147124,12.658314821075148,0.014132956947133507,LANDSAT-7,95.7419266817562,039801,1.257477054764E12,2009-11-06T03:10:54.764,"{""geodesic"":false,""type"":""Polygon"",""coordinates"":[[[105.1329855144116,10.70476507401089],[105.13468448997357,10.70476507401089],[105.13468448997357,10.708269925990292],[105.1329855144116,10.708269925990292],[105.1329855144116,10.70476507401089]]]}"
2_LE07_126052_20100109_12,0.025968427811050153,0.021028247295546303,0.0226960808304209,0.0030133181898535475,0.005143626045798994,0.03116586435915157,0.02511571982000106,0.027329838901649094,0.0020825746831831977,0.006638062511850511,0.029598708425908844,0.02300385429840408,0.02461067827005108,0.001755073899970989,0.0063031978707464575,0.03833050256536097,0.016729016840172632,0.017392410621857486,5.814025225365849E-4,0.004480884253419413,,,,,,9.0,0.21951687143427864,0.06339505775964262,0.12941299583940982,-0.6882863513301596,0.1827817721997199,0.036090240753433075,-0.04618238841303974,-0.0427419528246076,-0.2669760178088102,0.036810899362724296,0.6210742435060518,0.40590218088697444,0.39708094538561783,0.3560319447457135,0.042717755905547,670.5017324420924,170.26804981394844,175.6736078610178,4.38480462412824,68.52144266623709,,,,,,477.15035231359843,121.16815815012288,125.01492513343344,3.120366391312461,48.76203733307226,,,,,,55.3632829802902,36.341108737134526,38.40664769577314,1.5569514709759535,12.976465235078471,0.0,LANDSAT-7,99.28665804788339,039801,1.263006686806E12,2010-01-09T03:11:26.806,"{""geodesic"":false,""type"":""Polygon"",""coordinates"":[[[105.1329855144116,10.70476507401089],[105.13468448997357,10.70476507401089],[105.13468448997357,10.708269925990292],[105.1329855144116,10.708269925990292],[105.1329855144116,10.70476507401089]]]}"
2_LE07_126052_20100906_12,0.02446163066086885,0.01571989870813652,0.016673280902247498,0.0010476758201023242,0.005599389067362167,0.037906158400207605,0.02670363726930159,0.02643909350623986,1.1183608779604502E-4,0.0075816845198275066,0.04936191125637529,0.03424288174213606,0.0339980269422301,0.0032406394164653705,0.010535238066586001,0.05887033463749463,0.029135312458444945,0.028723632159564316,0.0033665089649040814,0.008291812395567682,,,,,,36.0,-0.005122972824021631,-0.3149439466996587,-0.23725204091509225,-0.8736858329411323,0.2270916433888456,0.9524397483059913,0.13661066229973667,0.13081619493013177,0.02901122069711845,0.08886529732964686,0.9040280375723562,0.6087054507399439,0.6003251726464507,0.44832455849744324,0.0672398055496285,3650.7711688199297,436.8591881517675,376.14711846547095,26.501721468627697,424.96100700001654,,,,,,2598.0048449303617,310.8828888164745,267.67824960548467,18.859467655088675,302.4157647901554,,,,,,433.0464813270575,126.95025337056846,77.09441849065398,2.9577822881033558,104.59914300189597,0.04176688833341197,LANDSAT-7,99.28665804788339,039801,1.283742738485E12,2010-09-06T03:12:18.485,"{""geodesic"":false,""type"":""Polygon"",""coordinates"":[[[105.1329855144116,10.70476507401089],[105.13468448997357,10.70476507401089],[105.13468448997357,10.708269925990292],[105.1329855144116,10.708269925990292],[105.1329855144116,10.70476507401089]]]}"
2_LE07_126053_20101125_12,0.017152743709242763,0.013764511617072723,0.014967894857603775,0.001873376095092636,0.0036566521415967905,0.024136286181007872,0.019657920050154012,0.02133139624051268,4.3093229628837293E-4,0.005253334581611563,0.025843813448545663,0.02050837939378152,0.022041265795470298,1.8255192780786803E-4,0.005374249146612795,0.04259676572937925,0.01264448484763734,0.012142442698313152,0.0035427238248474783,0.005292679018759615,,,,,,27.0,0.22241218214351638,0.019473940598493365,0.08336727525495835,-0.884654976602984,0.22345600909108174,0.25804471709024834,0.019784323077620108,0.019719823979647427,-0.40486838735977004,0.05862618186009146,0.7648779787831721,0.510385121707454,0.4930275986025479,0.43929322564615775,0.06536152964326149,875.7143222810972,125.17314139909304,110.89567563478356,27.966431788971523,105.96502007038251,,,,,,623.1861562543791,89.07718746861762,78.91688885943543,19.901802091487436,75.40807758295706,,,,,,42.05349628197429,29.40847051767605,31.692188220797405,0.1572747674887815,9.242369810584798,0.05641955835962146,LANDSAT-7,98.19784938011226,039801,1.290654796151E12,2010-11-25T03:13:16.151,"{""geodesic"":false,""type"":""Polygon"",""coordinates"":[[[105.1329855144116,10.70476507401089],[105.13468448997357,10.70476507401089],[105.13468448997357,10.708269925990292],[105.1329855144116,10.708269925990292],[105.1329855144116,10.70476507401089]]]}"
2_LE07_126052_20101227_12,0.02137223518406746,0.016613895152113287,0.01810791369625884,0.0017934109578155678,0.004760770506336259,0.02934505269589545,0.024339052353319294,0.026490197485333003,0.0018854132848825339,0.005995201326519489,0.029962627529997368,0.02477191311208938,0.026833432546651454,0.003604689638257154,0.0058887071371433895,0.029126312840716168,0.011912475034999077,0.01151674168588703,0.0023628077606668604,0.0033245703225774055,,,,,,3.0,0.3933939489179466,0.13344208628077855,0.23047682219642518,-0.8652896276662486,0.26815601021385815,0.31315922077311403,0.010874360374295417,0.009414745545940042,-0.05148861004281456,0.04590798809683231,0.8443415564636744,0.51048562492252,0.4864709348932731,0.43872132581517137,0.07255545723692214,385.48209036000276,110.92169905244381,103.99378151067766,18.31132038336272,43.720058340220795,,,,,,274.3213124236678,78.93540795089226,74.00528154567998,13.030917817954016,31.112583653181115,,,,,,56.867878542106,41.05255349233939,45.213473373965535,3.3134900130265534,13.146265501536952,0.0,LANDSAT-7,97.96836943703565,039801,1.293419588827E12,2010-12-27T03:13:08.827,"{""geodesic"":false,""type"":""Polygon"",""coordinates"":[[[105.1329855144116,10.70476507401089],[105.13468448997357,10.70476507401089],[105.13468448997357,10.708269925990292],[105.1329855144116,10.708269925990292],[105.1329855144116,10.70476507401089]]]}"
2_LE07_126052_20110824_12,0.021353303066683232,0.01637751891865345,0.017871694309981655,7.3826163257187E-4,0.004615923479370728,0.031792395991584996,0.02662833743585381,0.029040231928261846,0.0011759326902705755,0.006490300624074735,0.04108098979846691,0.03437543069070112,0.03714791973503602,0.0038139463764113833,0.008107772941766454,0.04241739733192234,0.018368445851236384,0.018760485529076665,0.0027558545457107915,0.005523295327498671,,,,,,28.0,0.028074959248877353,-0.09428270847768432,-0.022228488072457652,-0.956503804675182,0.20136147187711764,0.668293949811005,0.13890070849456876,0.12474585329612599,0.08217507919300339,0.07326198887482777,0.9513195188779874,0.5968415879260298,0.5745678514058709,0.5406301507615195,0.07746058015546406,865.6486099203677,198.736335367277,194.87260168992975,21.488145495463225,109.4539859831749,,,,,,616.02307528557,141.42709533744483,138.6775396000159,15.291647579168103,77.89093666288198,,,,,,141.54219274251597,89.76422643236063,99.33931395196426,3.5202542399817562,33.51322489842658,0.0,LANDSAT-7,93.40806750114636,039801,1.314155604897E12,2011-08-24T03:13:24.897,"{""geodesic"":false,""type"":""Polygon"",""coordinates"":[[[105.1329855144116,10.70476507401089],[105.13468448997357,10.70476507401089],[105.13468448997357,10.708269925990292],[105.1329855144116,10.708269925990292],[105.1329855144116,10.70476507401089]]]}"
2_LE07_126052_20111128_12,0.021574669565509175,0.018093444889476406,0.018651399126070854,0.004568041286722173,0.003040776365489407,0.029965912668255715,0.025890317974317588,0.02682937707822662,0.0014119603637825111,0.004464673797154059,0.03206495610961244,0.027159949006035654,0.02924055254282258,6.840640126677987E-4,0.006486647331332026,0.019792015589153254,0.012167810084951857,0.012068929934665806,5.345405108741857E-4,0.003015877146343434,,,,,,1.0,0.2584825124132669,0.17004686904899724,0.19473528748357863,-0.3605146921475758,0.10611723556307352,0.468674336166949,0.0496340572344899,0.04300186940549355,0.006165721936083881,0.049801907161224485,0.6636222029430257,0.50656584743174,0.503011121781407,0.465033320489065,0.02882773296087772,210.0854181195165,112.7342309133209,110.07662120246603,4.028537165927527,32.22285168070079,,,,,,149.5034634833465,80.22526325498985,78.3340236824568,2.8668351400520153,22.930805825058744,,,,,,66.50610964210682,49.73847202016641,53.92448341553451,0.5948146997822679,14.515972048439165,0.0,LANDSAT-7,90.50783283619297,039801,1.3224500237E12,2011-11-28T03:13:43.700,"{""geodesic"":false,""type"":""Polygon"",""coordinates"":[[[105.1329855144116,10.70476507401089],[105.13468448997357,10.70476507401089],[105.13468448997357,10.708269925990292],[105.1329855144116,10.708269925990292],[105.1329855144116,10.70476507401089]]]}"
2_LE07_126052_20130509_12,0.022009337165425316,0.01852135941073296,0.019228655357328404,0.0035285688167523825,0.003178281303977667,0.026249951888664285,0.021450766018750116,0.023996586458798323,0.0015402483829221587,0.0066114810996173775,0.020618334198521274,0.016314335895820063,0.01761835609718877,0.0011424593362426721,0.00442679858886118,0.05713864585580018,0.013744110787983106,0.012500934362971854,8.153330231001638E-4,0.007352652401078825,,,,,,27.0,0.2744761740092983,0.1539627335439004,0.21508965841459593,-0.7204168705727249,0.18496562221748922,0.35042558788398465,-0.1428423846164044,-0.1491633175141632,-0.5073465721330631,0.10029918787040348,0.6642276566420109,0.37506242422121777,0.37106558314223614,0.3368155417105596,0.04282396093731414,2917.3793595407064,150.1518207468825,114.92156474526807,6.1708083072220585,315.7487404634223,,,,,,2076.099914264562,106.85280992333735,81.78183955903569,4.391343400600352,224.69684337125636,,,,,,28.409101483421004,20.597025309337866,22.312546684691103,1.0019032335591582,6.217505181744343,1.9620538779994908E-5,LANDSAT-7,95.91281586175707,039801,1.368069353933E12,2013-05-09T03:15:53.933,"{""geodesic"":false,""type"":""Polygon"",""coordinates"":[[[105.1329855144116,10.70476507401089],[105.13468448997357,10.70476507401089],[105.13468448997357,10.708269925990292],[105.1329855144116,10.708269925990292],[105.1329855144116,10.70476507401089]]]}"
2_LE07_126052_20130610_12,0.01891736555990666,0.014954715728347008,0.015711935679071865,0.0011907837982339895,0.0032124701389238826,0.02740529974804291,0.022131171534922972,0.024714051836059913,3.4368204703253866E-4,0.00650888715769356,0.023841169186963645,0.018093881418564772,0.019883076397783767,0.0019150288397841878,0.005029772179395227,0.06773308612874156,0.016153764251865665,0.012763662265992933,0.0036691198724600484,0.010173795990672129,,,,,,9.0,0.19214525030015012,0.028611662450891626,0.11918593550401033,-0.8999123628140688,0.2341414509417946,0.016372291398374306,-0.10671919348301127,-0.09788159425238382,-0.29841251493706145,0.04754531755298792,0.8892795863908041,0.4941678826636402,0.48663897753612045,0.4446890358075265,0.06341922131058296,72197.8593989935,1089.2746030078276,117.90585080068368,-42772.683663488824,8510.664674007921,,,,,,51378.292376735335,775.1624424569673,83.90555240547356,-30438.401710161736,6056.459590097318,,,,,,36.27852179376632,24.315475309894925,26.81776756142632,1.7039961563475214,7.932234060727906,0.0,LANDSAT-7,92.6463897846628,039801,1.370834142308E12,2013-06-10T03:15:42.308,"{""geodesic"":false,""type"":""Polygon"",""coordinates"":[[[105.1329855144116,10.70476507401089],[105.13468448997357,10.70476507401089],[105.13468448997357,10.708269925990292],[105.1329855144116,10.708269925990292],[105.1329855144116,10.70476507401089]]]}"
2_LE07_126052_20130712_12,0.021296177491136464,0.017913649978673764,0.01907341953496322,0.0014687842159914423,0.0041201681087296655,0.03899774967827058,0.03317988846756349,0.0360975742115857,0.0010302791209753498,0.008651643639755027,0.04537528654739052,0.03712590439055048,0.042445354082236514,0.001249626161286544,0.012619617572141745,0.05505780244266927,0.01898597357846326,0.01862673881388243,0.003171132032563595,0.00687061859953291,,,,,,3.0,0.09315840953242295,-0.04763227155226867,0.02472950909171897,-0.7556753073775911,0.19168942698689548,0.344394436706465,0.08793168787877374,0.07818038278978738,-0.037048789412331674,0.042143139099985315,0.9187452370174777,0.622065533150066,0.6106086834295357,0.575014907803799,0.050516867834913264,2318.8655233238983,215.95868880212927,192.94770349641186,24.887197810257746,247.32490675442548,,,,,,1650.1784378572247,153.68306964966442,137.30772084077176,17.710521283833184,176.00426767576494,,,,,,228.201399952118,138.78423947170418,162.50174194369512,1.0980818951402072,65.07595216509978,0.05214404580694519,LANDSAT-7,95.70774859695231,039801,1.373598925406E12,2013-07-12T03:15:25.406,"{""geodesic"":false,""type"":""Polygon"",""coordinates"":[[[105.1329855144116,10.70476507401089],[105.13468448997357,10.70476507401089],[105.13468448997357,10.708269925990292],[105.1329855144116,10.708269925990292],[105.1329855144116,10.70476507401089]]]}"
2_LE07_126052_20140221_12,0.02983809679568643,0.023739426686426604,0.0266771765150739,0.0010650291571349447,0.007095099393645029,0.03223691653963955,0.026172101488966332,0.02953279443416889,0.002031531647350263,0.007903846734447667,0.027412898450664816,0.02120038345194346,0.023745046662771385,8.51247915562519E-5,0.006696374076142207,0.060992364969690356,0.023256257780138304,0.023766238866372018,0.0012454373736164287,0.007810514305315555,,,,,,3.0,0.10440785184610926,-0.04740885060884422,0.053777073334205554,-0.9257359366389212,0.2371455660047726,0.0015597533241254117,-0.12968937714213416,-0.10972511855294519,-0.9522175301560326,0.11126415379205022,0.8369985341066775,0.35618319108574636,0.3366014883420308,0.30467106623249773,0.0704600145471988,5131.730844213471,307.6091319112288,275.4920730949982,9.487744145049458,532.3524448702246,,,,,,3651.90283905268,218.90443911567257,196.04891885679763,6.7517804092513805,378.8389266343486,,,,,,47.17010997825493,31.786569980698033,36.020118511707565,0.07320715184645658,11.898002508754177,0.0,LANDSAT-7,98.09043319729933,039801,1.3929526037E12,2014-02-21T03:16:43.700,"{""geodesic"":false,""type"":""Polygon"",""coordinates"":[[[105.1329855144116,10.70476507401089],[105.13468448997357,10.70476507401089],[105.13468448997357,10.708269925990292],[105.1329855144116,10.708269925990292],[105.1329855144116,10.70476507401089]]]}"
2_LE07_126052_20150224_12,0.01727616104731192,0.012299117353674106,0.013816301306530105,1.1567341825601003E-4,0.003960182837789005,0.01900416224773235,0.014364933996125309,0.01633677307337991,2.2389363392814055E-4,0.0042056355602286735,0.014858396779426544,0.010527560495161225,0.011533327878519095,1.3648111837774672E-4,0.0030486357866034244,0.04541727533806596,0.013314815806374095,0.011794072023433504,1.3005742385391087E-5,0.006314903967510571,,,,,,29.0,0.1638354630024483,-0.05459089305477577,0.07150619462087006,-0.9776554999764556,0.28456063708003415,0.45121492192699614,-0.15547184651795284,-0.150580084714378,-0.9197525414845907,0.11346588524331908,0.9704395698193059,0.3733149193047924,0.3471728324380431,0.2616813923590089,0.11088235634390492,1056.0551581613329,139.18263088170326,107.03359259387406,0.09725331009298308,135.1888055434153,,,,,,751.5224292471039,99.0467856350749,76.16850776737988,0.06920854776245969,96.20465253528066,,,,,,17.514270381182012,11.45558471912147,12.548090335522785,0.11748393004862116,3.664092550256714,0.0,LANDSAT-7,99.28665804788339,039801,1.424747930595E12,2015-02-24T03:18:50.595,"{""geodesic"":false,""type"":""Polygon"",""coordinates"":[[[105.1329855144116,10.70476507401089],[105.13468448997357,10.70476507401089],[105.13468448997357,10.708269925990292],[105.1329855144116,10.708269925990292],[105.1329855144116,10.70476507401089]]]}"
2_LE07_126052_20150531_12,0.016217006441400818,0.01208441559897864,0.01289877951650514,1.3107871173433008E-4,0.00305441531870704,0.023453005079380262,0.017892029453436896,0.019856389839030715,2.1740745800914642E-4,0.005636886808293908,0.018131663320289648,0.012764139571724831,0.013846733375244634,8.329553015563822E-5,0.004075278662173103,0.07207345246965384,0.014681865592589386,0.009119177857960433,0.002063411078890044,0.014407362230974443,,,,,,2.0,0.45855476898167663,0.09589865369092473,0.18036882778054367,-0.9940116192287343,0.2785460150794363,0.013330571319707642,-0.18917701668745457,-0.17125744489157937,-0.9591177317718274,0.10480877069570844,0.975242843919195,0.4798051215038482,0.4599017047301976,0.3723802182899549,0.08626739237868357,131431.06475208467,200.32692608790697,78.91905254223893,-11820.997398572443,13110.066486801248,,,,,,93530.52470572802,142.55901026922433,56.16130712687883,-8412.197613395581,9329.540164271186,,,,,,23.28478897865542,14.8285770746386,15.917767585720384,0.07163159222201411,5.280025115760519,9.558186868175737E-4,LANDSAT-7,97.9634868866251,039801,1.433042371943E12,2015-05-31T03:19:31.943,"{""geodesic"":false,""type"":""Polygon"",""coordinates"":[[[105.1329855144116,10.70476507401089],[105.13468448997357,10.70476507401089],[105.13468448997357,10.708269925990292],[105.1329855144116,10.708269925990292],[105.1329855144116,10.70476507401089]]]}"
2_LE07_126052_20150819_12,0.023382014745565477,0.01863732522142795,0.019911218856888784,0.0014923736214060733,0.004329906584325956,0.03994484498119969,0.0324532262044748,0.03640137117068729,0.001198346633354255,0.009280522118623237,0.053134677062433286,0.04290231233025599,0.04883895376808794,4.294169828509831E-5,0.013668399209746275,0.056681725719748784,0.02616489662623944,0.027335642723746032,0.003099189994863923,0.00769162316331074,,,,,,5.0,-0.08884426834509955,-0.20936741469347048,-0.16961831399508312,-0.9358308157753019,0.13958551576575465,0.47219426069648995,0.15830854057814095,0.1487547720248556,-0.16777777713971467,0.06146920849512788,0.9011036157532504,0.6324225247336434,0.6291116249976318,0.5637420414954623,0.049958406358879937,2765.1514576605655,357.58001426283886,345.4254545720754,24.295184392522785,317.11100368260395,,,,,,1967.7696989949957,254.46530788874662,245.81573674216463,17.28922571190711,225.66627319302458,,,,,,1375.4919083602279,392.9134274373031,390.3426090679443,0.03690128286003833,273.248003748231,0.0,LANDSAT-7,96.72331908234611,039801,1.43995439241E12,2015-08-19T03:19:52.410,"{""geodesic"":false,""type"":""Polygon"",""coordinates"":[[[105.1329855144116,10.70476507401089],[105.13468448997357,10.70476507401089],[105.13468448997357,10.708269925990292],[105.1329855144116,10.708269925990292],[105.1329855144116,10.70476507401089]]]}"
2_LE07_126052_20151123_12,0.019141612325460345,0.014824136223247467,0.016118161138851263,7.77816303952038E-5,0.004231760015216052,0.027806133605337808,0.02221029772937445,0.02515911419933644,0.004053067538391236,0.006722434722508211,0.02902296866790718,0.022773355694755002,0.025384840213078293,2.861215878923371E-4,0.006846765847120899,0.0671285140321187,0.012314521077426085,0.00990737397748048,0.0035422466536753224,0.00955899132640288,,,,,,10.0,0.3635434465429803,0.15331625723904937,0.26736029888599155,-0.9970795085617968,0.27603009823248303,0.19588258759910496,0.008860602466739281,0.016070164267297137,-0.8681220939833088,0.10835997925484525,0.9872163585000571,0.5358915626997437,0.5134278146805534,0.46789847099149506,0.0755173663110513,5037.068348342791,-21.047162704719174,86.9370927164812,-178751.86842895378,17989.269416656047,,,,,,3584.537997069248,-14.97783020363141,61.867199459281885,-127205.51323102726,12801.736110000267,,,,,,53.0699816877942,35.97865454194778,40.66031419055305,0.2469726301063238,13.539249510514564,0.0,LANDSAT-7,93.25182582481534,039801,1.448248851221E12,2015-11-23T03:20:51.221,"{""geodesic"":false,""type"":""Polygon"",""coordinates"":[[[105.1329855144116,10.70476507401089],[105.13468448997357,10.70476507401089],[105.13468448997357,10.708269925990292],[105.1329855144116,10.708269925990292],[105.1329855144116,10.70476507401089]]]}"
2_LE07_126052_20160110_12,0.02494342197018618,0.012789483398015502,0.013467417500247112,7.796618167791862E-5,0.00753809535604443,0.030387424986163872,0.016187947561954512,0.01706901578481125,9.510753557113362E-5,0.008655305999168743,0.025613440732550896,0.013908474146533064,0.013820816521442219,5.331743390010273E-4,0.007087325109785227,0.06182727237999268,0.02538236390709613,0.02413407763750393,0.0025224867899801655,0.009534279261463122,,,,,,14.0,0.0666268540778627,-0.37067724936255325,-0.3327629543355293,-0.9934507655893056,0.3315187979747947,0.6651055196964203,-0.07647512516447529,-0.08893601042229694,-0.5020994171099111,0.1493561037481959,0.9881970665991532,0.5094249630758904,0.4368927266028486,0.34170435592302645,0.16710372753645658,6051.365057446375,430.78464071933024,282.15992460092633,19.59726055888771,818.5792197262235,,,,,,4306.343786200592,306.5600477151151,200.7939740017568,13.946033735061587,582.5270005886094,,,,,,41.348722974308465,17.868029381722565,15.877905928822509,0.4623204456630765,11.295290106419575,0.141807278947589,LANDSAT-7,97.82677547512979,039801,1.452396095026E12,2016-01-10T03:21:35.026,"{""geodesic"":false,""type"":""Polygon"",""coordinates"":[[[105.1329855144116,10.70476507401089],[105.13468448997357,10.70476507401089],[105.13468448997357,10.708269925990292],[105.1329855144116,10.708269925990292],[105.1329855144116,10.70476507401089]]]}"
2_LE07_126052_20160126_12,0.02312075869542123,0.018655711571327713,0.020362551572059295,0.0010165485217655693,0.005325651712023675,0.0277482550248089,0.022654920782686987,0.025009346280828123,0.0019174741181285696,0.0066300699468737675,0.023708648804197013,0.018644180442701053,0.020708512172719903,2.0922609924359746E-4,0.0054804853938778845,0.058872086768452896,0.013979708092064766,0.012166702567268449,2.987872168232138E-4,0.008107158352391411,,,,,,1.0,0.3586159817291193,0.147041416861868,0.2712059706829473,-0.9031979537388227,0.29073215137098074,-0.0180139821594621,-0.10934064668584294,-0.10266551036939149,-0.9011197994199879,0.09132860452622098,0.7983056615461664,0.4034266573706526,0.3898792078512862,0.3531337392280961,0.07194154064604666,3651.672640775282,159.49179014497616,111.16645340038211,2.2438285540454204,382.5611082535362,,,,,,2598.6463610373085,113.49942912395734,79.10958292717997,1.5967797446169167,272.24264868013654,,,,,,35.9226894100182,25.451824887231403,28.609012664934962,0.18034369393066757,8.7116410732327,0.0,LANDSAT-7,98.09043319729933,039801,1.453778506853E12,2016-01-26T03:21:46.853,"{""geodesic"":false,""type"":""Polygon"",""coordinates"":[[[105.1329855144116,10.70476507401089],[105.13468448997357,10.70476507401089],[105.13468448997357,10.708269925990292],[105.1329855144116,10.708269925990292],[105.1329855144116,10.70476507401089]]]}"
2_LE07_126052_20160602_12,0.01621681757129622,0.012517065299301607,0.013092420039413775,3.351040176094212E-4,0.0030189799754641194,0.0224839252981519,0.01680210219131774,0.019280804107969115,8.756526484816659E-4,0.005662435156111411,0.01751707698313114,0.012376052405511633,0.013824183340646654,3.788097799112799E-4,0.004013430986037479,0.07860035751798121,0.014435360038535055,0.009729407875626187,8.119450593023426E-4,0.013684470304369877,,,,,,17.0,0.3489448551756645,0.09249077375240435,0.1960992738143732,-0.9777571189352384,0.2711405196097296,0.19548621815073033,-0.1770898776384281,-0.15167989241108282,-0.7631291212525111,0.11007171643347341,0.9457463789763446,0.4528286524535279,0.4340551856779895,0.35844720095852645,0.08364285956994955,10426.122583723709,329.93954692402195,83.46715832298277,-4957.134009672526,1462.1798642566089,,,,,,7419.560343221307,234.79547246446901,59.397883813619714,-3527.6541800512723,1040.533683387828,,,,,,22.12388568357237,14.246120133488791,15.883081440727056,0.32753638385396516,5.0614660226749,0.0010111784789496436,LANDSAT-7,96.83073519137814,039801,1.464837751771E12,2016-06-02T03:22:31.771,"{""geodesic"":false,""type"":""Polygon"",""coordinates"":[[[105.1329855144116,10.70476507401089],[105.13468448997357,10.70476507401089],[105.13468448997357,10.708269925990292],[105.1329855144116,10.708269925990292],[105.1329855144116,10.70476507401089]]]}"
2_LE07_126052_20160618_12,0.016800260992903104,0.013099404911591192,0.014288470878040908,0.002870345354318614,0.0032613017596661545,0.024038489781702987,0.01911498517194676,0.021165087344509812,0.0010733763375431868,0.005596124065117708,0.019337918240973525,0.014612679893036978,0.015832602253803015,8.586514898380519E-4,0.003665501746861269,0.047133172786350964,0.015274869670899718,0.012072515220747558,8.766199103358849E-4,0.008216725335855046,,,,,,32.0,0.259612144320126,-0.010028857969244362,0.10355977377540357,-0.8513228934816794,0.24902361009840027,0.36747355989851266,-0.13944208528766378,-0.14562449565367375,-0.5659928617160533,0.08169320230314493,0.737457307257409,0.47445315573507824,0.4531465494105512,0.4039880310136673,0.06626723353431181,1190.8951953285634,172.35496729538698,110.11651634154602,6.640810036196761,179.4072783216155,,,,,,847.4788871163299,122.65327498627332,78.36241433194593,4.725811575278257,127.67192375028786,,,,,,25.680571779424763,17.58511845130259,19.130176212424324,0.7490441196351467,5.14023906664601,0.0,LANDSAT-7,98.19784930633136,039801,1.466220154967E12,2016-06-18T03:22:34.967,"{""geodesic"":false,""type"":""Polygon"",""coordinates"":[[[105.1329855144116,10.70476507401089],[105.13468448997357,10.70476507401089],[105.13468448997357,10.708269925990292],[105.1329855144116,10.708269925990292],[105.1329855144116,10.70476507401089]]]}"
2_LE07_126052_20180624_12,0.021630437240849763,0.013059404146135966,0.013204003670050772,0.0030513228310576758,0.00462749772559197,0.03885770027712058,0.021757024936295315,0.022475168085733948,3.3372336422000617E-4,0.010994611926115483,0.047013390903027245,0.025463957505091728,0.026272176185823642,2.569595755499583E-5,0.013777536011982096,0.08532827163510673,0.026647226539713003,0.024731297989567663,0.0077765338501780655,0.013006699408145857,,,,,,9.0,-0.083596378908665,-0.330462134442805,-0.255501416218251,-0.704797253179168,0.16240632170003577,0.8313520323915067,0.05782027750103711,0.081008366029517,-0.9639890359130492,0.19464529072377906,0.745014805538254,0.6096621597301592,0.6097583484544572,0.43336427848424447,0.05157893878743371,1127.7255945983688,170.8377784958156,288.2342117383025,-3370.4363655908883,657.090660489135,,,,,,802.525390673985,121.57359519543212,205.1166298688739,-2398.5096853290365,467.6066070887353,,,,,,286.71351429162246,65.84876078895246,43.39432339919598,0.02207446001074417,73.56328081410248,0.3254058884861725,LANDSAT-7,91.69917514761559,039801,1.529810373777E12,2018-06-24T03:19:33.777,"{""geodesic"":false,""type"":""Polygon"",""coordinates"":[[[105.1329855144116,10.70476507401089],[105.13468448997357,10.70476507401089],[105.13468448997357,10.708269925990292],[105.1329855144116,10.708269925990292],[105.1329855144116,10.70476507401089]]]}"
2_LE07_126052_20200410_12,0.03717225872232706,0.030083759132078378,0.033609082556562586,0.003333159280415185,0.00829830744668897,0.03718074554898358,0.031147258041618525,0.03417774034365238,0.0024083461127109907,0.008246815647267815,0.030266418576394633,0.02492470678708825,0.02749505364689398,0.0032603373510321247,0.006845104410346174,0.0687683520252389,0.02973736672940761,0.027968282203090954,0.004381909660832763,0.0085691865418146,,,,,,60.0,0.14951410796329315,-0.016727436989408585,0.09006059919452673,-0.7064096635333921,0.22608097229594257,0.15029790316754632,-0.1114548534102909,-0.10962601269497671,-0.2686675481639427,0.044007870466680976,0.4378492857487894,0.3076983108510013,0.2988393304579802,0.2727360751179995,0.031246167455499643,7963.906711869349,267.09972601503506,359.15084482421474,-18829.476708889964,2094.238206436888,,,,,,5667.369239331943,190.07665782869037,255.58316086290023,-13399.654334679119,1490.3264968316257,,,,,,58.15817818313561,41.9062407361157,47.45425909462803,2.976900030737286,15.070115369389695,0.0,LANDSAT-7,94.82400712020504,039801,1.586487337799E12,2020-04-10T02:55:37.799,"{""geodesic"":false,""type"":""Polygon"",""coordinates"":[[[105.1329855144116,10.70476507401089],[105.13468448997357,10.70476507401089],[105.13468448997357,10.708269925990292],[105.1329855144116,10.708269925990292],[105.1329855144116,10.70476507401089]]]}"
2_LE07_126052_20200512_12,0.027874945016830747,0.020521240840965738,0.023924822052593955,0.0019077712815324759,0.006776131671580015,0.02928325858532444,0.022739356115936273,0.025883063258013997,0.0013286326303824656,0.006886792462217269,0.023398487553637777,0.01763352971529373,0.01995059012210548,1.9139150016342523E-4,0.0056085739228439865,0.07908749019066404,0.025421402400170236,0.022892167859170674,0.002805160597505917,0.01250163102315848,,,,,,21.0,0.09123714906952618,-0.12489895941932365,0.019484685688531653,-0.8977484624231602,0.2806917574259454,-0.061530616309191155,-0.14780834111403052,-0.13144148567357566,-0.8495003628483586,0.10819352130228475,0.7300815015756351,0.34649673223552596,0.3205212271834375,0.2742399081109669,0.06919030789710652,3099.8582957657795,122.21598498229551,249.24951384355555,-9539.989850725638,1349.620858872888,,,,,,2205.9577274464605,86.97278093564384,177.37387927587042,-6788.960114633297,960.4331161912339,,,,,,35.10164254465496,23.55598539464785,26.961082479936795,0.16491709468098056,8.87317324627268,0.0,LANDSAT-7,99.1645942876197,039801,1.589252023365E12,2020-05-12T02:53:43.365,"{""geodesic"":false,""type"":""Polygon"",""coordinates"":[[[105.1329855144116,10.70476507401089],[105.13468448997357,10.70476507401089],[105.13468448997357,10.708269925990292],[105.1329855144116,10.708269925990292],[105.1329855144116,10.70476507401089]]]}"
2_LE07_126052_20200528_12,0.014354504366754946,0.010087966022878455,0.01137650161820639,3.371647397103679E-4,0.0033496624693544947,0.019918806408856567,0.014729490531758819,0.016638590474629473,0.001095469194863293,0.0048114073391502645,0.01502034793970927,0.009963809027262143,0.011079467185040173,7.334297463476565E-4,0.0036660160432230846,0.07505268406148252,0.01579088444865463,0.010449143945229826,0.004579510511096214,0.012696961817552001,,,,,,22.0,0.22539366741043143,-0.06179386489806108,0.09578169921423645,-0.9895669191827691,0.313703053412493,0.28516871794420445,-0.21202462080584403,-0.1882930758952453,-0.7336128749015045,0.12123966085408293,0.9364682352974536,0.45187872334991724,0.42408982186079874,0.29552317085671254,0.100075091386303,12170.515796732156,59.039649087435485,87.55918254413695,-14719.411323568102,1962.3583182489062,,,,,,8660.926018935375,42.014491535969334,62.309898360827646,-10474.801121406292,1396.4765750979668,,,,,,17.777400856170342,10.789379613764984,11.92892488606322,0.6383229050597005,4.369629080196743,0.0,LANDSAT-7,96.79655733850434,039801,1.590634364144E12,2020-05-28T02:52:44.144,"{""geodesic"":false,""type"":""Polygon"",""coordinates"":[[[105.1329855144116,10.70476507401089],[105.13468448997357,10.70476507401089],[105.13468448997357,10.708269925990292],[105.1329855144116,10.708269925990292],[105.1329855144116,10.70476507401089]]]}"
2_LE07_126052_20201104_12,0.015899545948244203,0.011046962558679485,0.012375595465827418,8.751675147461005E-4,0.003642376608853265,0.020452575138847365,0.015722423220109066,0.01778909460973706,0.0011576137656051635,0.004714629848455092,0.022009441150457828,0.016946452598673063,0.019372865447038794,0.0011997741674434344,0.005348224352380156,0.033878034576945076,0.021318745370601466,0.020853863285197838,0.0104787249594071,0.0030602909630545066,,,,,,24.0,-0.1481128624419222,-0.3364180196902526,-0.2624998145667967,-0.9075696695734922,0.18352650621833774,0.1117688125736438,0.03240351228590399,0.03673832732042391,-0.11661594041748834,0.039997341914627574,0.7946353899968215,0.5157550638882858,0.5011565149599595,0.4352831643043401,0.06554887621926529,512.8098076691576,237.57201998928576,226.4566683894662,92.8811621726155,58.64614196667211,,,,,,364.93176461753524,169.0638033474896,161.15376572144734,66.09718828398029,41.73445935674457,,,,,,31.615637214833868,22.198292462029716,25.75241905659052,1.053293473631485,8.383902125745653,0.08955627269060105,LANDSAT-7,99.28665804788339,039801,1.604457760744E12,2020-11-04T02:42:40.744,"{""geodesic"":false,""type"":""Polygon"",""coordinates"":[[[105.1329855144116,10.70476507401089],[105.13468448997357,10.70476507401089],[105.13468448997357,10.708269925990292],[105.1329855144116,10.708269925990292],[105.1329855144116,10.70476507401089]]]}"
2_LE07_126052_20210702_12,0.024439735334738935,0.017517075096120945,0.019349765968825768,0.0021182600971870677,0.004885372829345561,0.03812277176240511,0.028597407240086054,0.03349775058979328,0.0016919805289465708,0.010339802768045202,0.041652031483512784,0.03137949477155682,0.03682095093096791,9.303131521235251E-5,0.011514117733672644,0.07558957764251636,0.019424299410774455,0.015121445252414099,0.0021690658915626713,0.012540758887681181,,,,,,3.0,0.27661144474387467,0.03891060866193414,0.15775243768238187,-0.8776576248371605,0.25770578587953924,0.3517661394422038,0.04968735911084554,0.04452042851501951,-0.3409987254283901,0.07008341128857046,0.8366039393713353,0.5950506584435239,0.5776004869877579,0.529316174782695,0.05769765910962675,6717.299468923057,238.37050844829483,141.76215965888034,-89655.67959857079,8840.804405406081,,,,,,4780.243887691068,169.63203312393884,100.88246033251407,-63801.83232571701,6291.397520198718,,,,,,149.78195848436206,81.77668745399377,96.66599715660473,0.08001832694752338,40.86360609687198,0.05367431718342144,LANDSAT-7,99.28665804788339,039801,1.625192641233E12,2021-07-02T02:24:01.233,"{""geodesic"":false,""type"":""Polygon"",""coordinates"":[[[105.1329855144116,10.70476507401089],[105.13468448997357,10.70476507401089],[105.13468448997357,10.708269925990292],[105.1329855144116,10.708269925990292],[105.1329855144116,10.70476507401089]]]}"
2_LE07_126052_20210803_12,0.01438538478499052,0.003755228393647628,0.0031832817565232464,2.155797116690347E-5,0.003132879303813209,0.022712825823154894,0.011436137531358585,0.01140661947115901,0.0012229991340271906,0.003650428824186658,0.027367739196638388,0.014698392741580288,0.014425126521521562,0.004757227872686797,0.0038528707356048947,0.053747681911313544,0.04308158183830057,0.0419910872288611,0.03028445922293175,0.005332661885466338,,,,,,73.0,-0.43535888369853,-0.8466139486109727,-0.8604055294363059,-0.9990213559437761,0.12464462846503753,0.5909857158752896,0.13635907489246943,0.12508844265772867,-0.027396639490226506,0.0884751497689007,0.9979990214517972,0.7952046203728161,0.7985537641972611,0.5537059539632184,0.12327196585845725,2038.8916565654486,976.0298581824625,842.3059085898127,413.47352624235504,375.5040656371081,,,,,,1450.9401321248347,694.5738812696875,599.4116668060441,294.24090822304385,267.22063276608935,,,,,,47.0146453302828,17.740384030841366,16.820712903336176,4.473801532385415,6.765947353877428,0.12780880107877404,LANDSAT-7,98.04160769319385,039801,1.627957275657E12,2021-08-03T02:21:15.657,"{""geodesic"":false,""type"":""Polygon"",""coordinates"":[[[105.1329855144116,10.70476507401089],[105.13468448997357,10.70476507401089],[105.13468448997357,10.708269925990292],[105.1329855144116,10.708269925990292],[105.1329855144116,10.70476507401089]]]}"
2_LE07_126052_20220110_12,0.028199451111101014,0.0166474400390692,0.01719531559036771,0.0015343067244638323,0.006742722798133105,0.03549005053982514,0.022669751181266778,0.023914660894867507,0.0026981532747163343,0.008647364915484996,0.039953927468999,0.023346507045968606,0.023894782690894054,0.004907954797394467,0.010082054163363708,0.054792950810712816,0.019944504842299135,0.01742206840537583,0.008338559925739019,0.008879721687681552,,,,,,12.0,0.3024485703259179,-0.0648872495914487,0.047577975017665426,-0.8765432865682652,0.30941497149936437,0.3220994736251209,-0.0012881843585311502,0.0285478402086231,-0.25170628530611155,0.07896398348386022,0.8880677366383332,0.4853973695417559,0.47587981957989367,0.16497851425426605,0.12109941976616943,2257.3963166323856,274.98008084550094,176.07856340101807,71.21193822874986,325.032442341716,,,,,,1606.43499587913,195.68456889257064,125.30310437180573,50.676679523295306,231.3034208156852,,,,,,127.1499526320221,44.59137928632969,36.423349528005225,4.629515399933885,30.584328903178836,0.017424545672884477,LANDSAT-7,99.28665804788339,039801,1.641780390935E12,2022-01-10T02:06:30.935,"{""geodesic"":false,""type"":""Polygon"",""coordinates"":[[[105.1329855144116,10.70476507401089],[105.13468448997357,10.70476507401089],[105.13468448997357,10.708269925990292],[105.1329855144116,10.708269925990292],[105.1329855144116,10.70476507401089]]]}"
2_LE07_126052_20220227_12,0.01757017889639352,0.012085936348460325,0.013493432958657044,5.689922724808125E-4,0.0038900064494210716,0.021482121454297887,0.015535451734923073,0.018105885294824216,4.763760059137944E-4,0.005472802673833512,0.0161869974521197,0.011606724309270799,0.013626061449405882,5.7064525218099373E-5,0.004480004072230855,0.0700439980908658,0.016639227972524543,0.012287216540368302,0.00397921002625324,0.011974298578853942,,,,,,15.0,0.208050805846861,-0.08031666590073572,0.05382811088647939,-0.9787307228948301,0.2847665205396318,-0.05437694803926505,-0.1976196997758207,-0.14122030880574743,-0.9703280968749312,0.1798287790612288,0.8730470741510782,0.433355773277335,0.40540765585422667,0.34594145517858726,0.09378162933336401,29779.32643855819,100.82579181505551,112.51475849156809,-11295.445587410957,3214.3349885481007,,,,,,21191.91556756622,71.75083934776589,80.06907970124861,-8038.198233943703,2287.4229819713582,,,,,,19.738277849937745,13.197457138576072,15.579969723927238,0.04905018531113191,5.506743865562557,0.0,LANDSAT-7,95.5124466543113,039801,1.645927308068E12,2022-02-27T02:01:48.068,"{""geodesic"":false,""type"":""Polygon"",""coordinates"":[[[105.1329855144116,10.70476507401089],[105.13468448997357,10.70476507401089],[105.13468448997357,10.708269925990292],[105.1329855144116,10.708269925990292],[105.1329855144116,10.70476507401089]]]}"
2_LE07_125053_20230801_12,0.020685080811881508,0.013894069334132864,0.016032688438217733,1.1105210663334424E-4,0.005358176920402314,0.03293924040981122,0.023963679925423365,0.027620059359727438,0.0012765004575225251,0.008215894032486565,0.03866505668118306,0.027488018443372935,0.03258588024558602,0.0013902763211074006,0.010197630101774964,0.06578147366320122,0.026133590708477292,0.023286865691166433,0.006181204011907852,0.009987697282950542,,,,,,70.0,-0.06326909096248187,-0.3054393120482056,-0.17074193671746116,-0.9887731447385542,0.2593204625724294,0.24021910620816642,0.06790262610885414,0.07257251546763624,-0.21412880545993065,0.05888873481964608,0.9896855262005249,0.6017546729050345,0.5881942206113241,0.4116360429430788,0.07935602043179495,28402.63768589464,735.3735976450606,266.9710707585748,50.91363551090844,3242.655091421865,,,,,,20212.22007749332,523.315234280566,189.98510265742553,36.231761897340355,2307.5764676522335,,,,,,113.1685162083392,58.2608226052881,69.17738573941115,1.2248973346624459,30.678825959332322,0.002697034379737971,LANDSAT-7,98.04160769319385,039801,1.690851820298E12,2023-08-01T01:03:40.298,"{""geodesic"":false,""type"":""Polygon"",""coordinates"":[[[105.1329855144116,10.70476507401089],[105.13468448997357,10.70476507401089],[105.13468448997357,10.708269925990292],[105.1329855144116,10.708269925990292],[105.1329855144116,10.70476507401089]]]}"
2_LE07_126053_20231021_12,0.03029532318078417,0.021419659623943564,0.023852466711593412,0.0033911444822140547,0.006729820376706696,0.03760303728313177,0.02739600190108903,0.030970656842764305,0.002138819909716678,0.008286106567051067,0.03986969319020952,0.027562433672912976,0.03262967409899829,0.0021628089091694884,0.009979778878291552,0.08352372009949834,0.02221045603454642,0.01797412070655889,4.307055696474825E-4,0.014813760483072069,,,,,,16.0,0.26666273791713185,0.017873402814099076,0.14425605473704955,-0.7885669400743295,0.2784984455550754,0.12576631380944306,-0.015081569028524169,0.011045261007072928,-0.35035479617480203,0.07596425338240327,0.7379777609413155,0.43881333741640377,0.4428232004032382,0.2802011734968811,0.06647230635202575,926.4407459129682,19.24607370305076,183.7003188657301,-4233.979765635753,794.0923743245048,,,,,,659.2846922259419,13.696118001987783,130.7269879044997,-3013.0346263292085,565.1013828084376,,,,,,126.16205901923503,59.94884933782557,69.40770034682438,7.0647396592129565,34.22283218077499,0.13968353298766334,LANDSAT-7,94.06721175925784,039801,1.69784978734E12,2023-10-21T00:56:27.340,"{""geodesic"":false,""type"":""Polygon"",""coordinates"":[[[105.1329855144116,10.70476507401089],[105.13468448997357,10.70476507401089],[105.13468448997357,10.708269925990292],[105.1329855144116,10.708269925990292],[105.1329855144116,10.70476507401089]]]}"
